investment_code,COD_UNICO,DES_TIPO,COD_MES,PERIODO,MTO_ACT,FEC_PFA
2628986,2628986,ACTUALIZADO,10,2026-10,0.0,2026-02-26 15:44:51
2628986,2628986,ACTUALIZADO,4,2026-04,0.0,2026-02-26 15:44:51
2628986,2628986,ACTUALIZADO,11,2026-11,0.0,2026-02-26 15:44:51
2628986,2628986,ACTUALIZADO,1,2026-01,0.0,2026-02-26 15:44:51
2628986,2628986,ACTUALIZADO,6,2026-06,0.0,2026-02-26 15:44:51
2628986,2628986,ACTUALIZADO,7,2026-07,0.0,2026-02-26 15:44:51
2628986,2628986,ACTUALIZADO,2,2026-02,0.0,2026-02-26 15:44:51
2628986,2628986,ACTUALIZADO,5,2026-05,0.0,2026-02-26 15:44:51
2628986,2628986,ACTUALIZADO,8,2026-08,0.0,2026-02-26 15:44:51
2628986,2628986,ACTUALIZADO,9,2026-09,0.0,2026-02-26 15:44:51
2628986,2628986,ACTUALIZADO,12,2026-12,0.0,2026-02-26 15:44:51
2628986,2628986,ACTUALIZADO,3,2026-03,0.0,2026-02-26 15:44:51
2500995,2500995,ACTUALIZADO,1,2026-01,0.0,
2500995,2500995,ACTUALIZADO,2,2026-02,0.0,
2500995,2500995,ACTUALIZADO,5,2026-05,0.0,
2500995,2500995,ACTUALIZADO,8,2026-08,0.0,
2500995,2500995,ACTUALIZADO,12,2026-12,2000000.0,
2500995,2500995,ACTUALIZADO,3,2026-03,0.0,
2500995,2500995,ACTUALIZADO,7,2026-07,0.0,
2500995,2500995,ACTUALIZADO,11,2026-11,0.0,
2500995,2500995,ACTUALIZADO,4,2026-04,0.0,
2500995,2500995,ACTUALIZADO,6,2026-06,0.0,
2500995,2500995,ACTUALIZADO,9,2026-09,0.0,
2500995,2500995,ACTUALIZADO,10,2026-10,0.0,
2687722,2687722,ACTUALIZADO,4,2026-04,0.0,2026-02-23 14:47:11
2687722,2687722,ACTUALIZADO,3,2026-03,0.0,2026-02-23 14:47:11
2687722,2687722,ACTUALIZADO,5,2026-05,0.0,2026-02-23 14:47:11
2687722,2687722,ACTUALIZADO,6,2026-06,250000.0,2026-02-23 14:47:11
2687722,2687722,ACTUALIZADO,8,2026-08,0.0,2026-02-23 14:47:11
2687722,2687722,ACTUALIZADO,9,2026-09,0.0,2026-02-23 14:47:11
2687722,2687722,ACTUALIZADO,11,2026-11,0.0,2026-02-23 14:47:11
2687722,2687722,ACTUALIZADO,7,2026-07,220684.07,2026-02-23 14:47:11
2687722,2687722,ACTUALIZADO,10,2026-10,0.0,2026-02-23 14:47:11
2687722,2687722,ACTUALIZADO,1,2026-01,0.0,2026-02-23 14:47:11
2687722,2687722,ACTUALIZADO,2,2026-02,0.0,2026-02-23 14:47:11
2687722,2687722,ACTUALIZADO,12,2026-12,0.0,2026-02-23 14:47:11
2705952,2705952,ACTUALIZADO,9,2026-09,0.0,2026-01-19 22:28:25
2705952,2705952,ACTUALIZADO,10,2026-10,0.0,2026-01-19 22:28:25
2705952,2705952,ACTUALIZADO,1,2026-01,0.0,2026-01-19 22:28:25
2705952,2705952,ACTUALIZADO,3,2026-03,205000.0,2026-01-19 22:28:25
2705952,2705952,ACTUALIZADO,8,2026-08,0.0,2026-01-19 22:28:25
2705952,2705952,ACTUALIZADO,6,2026-06,0.0,2026-01-19 22:28:25
2705952,2705952,ACTUALIZADO,2,2026-02,0.0,2026-01-19 22:28:25
2705952,2705952,ACTUALIZADO,12,2026-12,0.0,2026-01-19 22:28:25
2705952,2705952,ACTUALIZADO,5,2026-05,0.0,2026-01-19 22:28:25
2705952,2705952,ACTUALIZADO,7,2026-07,0.0,2026-01-19 22:28:25
2705952,2705952,ACTUALIZADO,4,2026-04,205449.54,2026-01-19 22:28:25
2705952,2705952,ACTUALIZADO,11,2026-11,0.0,2026-01-19 22:28:25
2530397,2530397,ACTUALIZADO,3,2026-03,0.0,2026-02-17 16:30:10
2530397,2530397,ACTUALIZADO,8,2026-08,0.0,2026-02-17 16:30:10
2530397,2530397,ACTUALIZADO,2,2026-02,46400.0,2026-02-17 16:30:10
2530397,2530397,ACTUALIZADO,5,2026-05,0.0,2026-02-17 16:30:10
2530397,2530397,ACTUALIZADO,1,2026-01,0.0,2026-02-17 16:30:10
2530397,2530397,ACTUALIZADO,4,2026-04,0.0,2026-02-17 16:30:10
2530397,2530397,ACTUALIZADO,6,2026-06,0.0,2026-02-17 16:30:10
2530397,2530397,ACTUALIZADO,7,2026-07,0.0,2026-02-17 16:30:10
2530397,2530397,ACTUALIZADO,12,2026-12,0.0,2026-02-17 16:30:10
2530397,2530397,ACTUALIZADO,10,2026-10,0.0,2026-02-17 16:30:10
2530397,2530397,ACTUALIZADO,9,2026-09,0.0,2026-02-17 16:30:10
2530397,2530397,ACTUALIZADO,11,2026-11,0.0,2026-02-17 16:30:10
2478143,2478143,ACTUALIZADO,7,2026-07,0.0,2026-01-07 17:34:24
2478143,2478143,ACTUALIZADO,12,2026-12,17485.85,2026-01-07 17:34:24
2478143,2478143,ACTUALIZADO,3,2026-03,0.0,2026-01-07 17:34:24
2478143,2478143,ACTUALIZADO,9,2026-09,0.0,2026-01-07 17:34:24
2478143,2478143,ACTUALIZADO,5,2026-05,0.0,2026-01-07 17:34:24
2478143,2478143,ACTUALIZADO,1,2026-01,0.0,2026-01-07 17:34:24
2478143,2478143,ACTUALIZADO,2,2026-02,0.0,2026-01-07 17:34:24
2478143,2478143,ACTUALIZADO,6,2026-06,0.0,2026-01-07 17:34:24
2478143,2478143,ACTUALIZADO,10,2026-10,0.0,2026-01-07 17:34:24
2478143,2478143,ACTUALIZADO,11,2026-11,0.0,2026-01-07 17:34:24
2478143,2478143,ACTUALIZADO,4,2026-04,0.0,2026-01-07 17:34:24
2478143,2478143,ACTUALIZADO,8,2026-08,0.0,2026-01-07 17:34:24
2673405,2673405,ACTUALIZADO,2,2026-02,0.0,2026-03-05 20:48:20
2673405,2673405,ACTUALIZADO,9,2026-09,0.0,2026-03-05 20:48:20
2673405,2673405,ACTUALIZADO,4,2026-04,350000.0,2026-03-05 20:48:20
2673405,2673405,ACTUALIZADO,3,2026-03,0.0,2026-03-05 20:48:20
2673405,2673405,ACTUALIZADO,6,2026-06,0.0,2026-03-05 20:48:20
2673405,2673405,ACTUALIZADO,11,2026-11,0.0,2026-03-05 20:48:20
2673405,2673405,ACTUALIZADO,12,2026-12,0.0,2026-03-05 20:48:20
2673405,2673405,ACTUALIZADO,7,2026-07,0.0,2026-03-05 20:48:20
2673405,2673405,ACTUALIZADO,1,2026-01,0.0,2026-03-05 20:48:20
2673405,2673405,ACTUALIZADO,5,2026-05,0.0,2026-03-05 20:48:20
2673405,2673405,ACTUALIZADO,8,2026-08,0.0,2026-03-05 20:48:20
2673405,2673405,ACTUALIZADO,10,2026-10,0.0,2026-03-05 20:48:20
2656746,2656746,ACTUALIZADO,5,2026-05,0.0,2025-12-05 15:52:01
2656746,2656746,ACTUALIZADO,11,2026-11,0.0,2025-12-05 15:52:01
2656746,2656746,ACTUALIZADO,7,2026-07,0.0,2025-12-05 15:52:01
2656746,2656746,ACTUALIZADO,10,2026-10,0.0,2025-12-05 15:52:01
2656746,2656746,ACTUALIZADO,6,2026-06,0.0,2025-12-05 15:52:01
2656746,2656746,ACTUALIZADO,9,2026-09,0.0,2025-12-05 15:52:01
2656746,2656746,ACTUALIZADO,1,2026-01,0.0,2025-12-05 15:52:01
2656746,2656746,ACTUALIZADO,3,2026-03,0.0,2025-12-05 15:52:01
2656746,2656746,ACTUALIZADO,4,2026-04,0.0,2025-12-05 15:52:01
2656746,2656746,ACTUALIZADO,8,2026-08,310371.0,2025-12-05 15:52:01
2656746,2656746,ACTUALIZADO,2,2026-02,0.0,2025-12-05 15:52:01
2656746,2656746,ACTUALIZADO,12,2026-12,0.0,2025-12-05 15:52:01
2452682,2452682,ACTUALIZADO,2,2026-02,0.0,2026-02-12 15:55:40
2452682,2452682,ACTUALIZADO,6,2026-06,0.0,2026-02-12 15:55:40
2452682,2452682,ACTUALIZADO,7,2026-07,0.0,2026-02-12 15:55:40
2452682,2452682,ACTUALIZADO,10,2026-10,500000.0,2026-02-12 15:55:40
2452682,2452682,ACTUALIZADO,3,2026-03,0.0,2026-02-12 15:55:40
2452682,2452682,ACTUALIZADO,11,2026-11,0.0,2026-02-12 15:55:40
2452682,2452682,ACTUALIZADO,1,2026-01,0.0,2026-02-12 15:55:40
2452682,2452682,ACTUALIZADO,8,2026-08,500000.0,2026-02-12 15:55:40
2452682,2452682,ACTUALIZADO,12,2026-12,0.0,2026-02-12 15:55:40
2452682,2452682,ACTUALIZADO,5,2026-05,0.0,2026-02-12 15:55:40
2452682,2452682,ACTUALIZADO,9,2026-09,500000.0,2026-02-12 15:55:40
2452682,2452682,ACTUALIZADO,4,2026-04,0.0,2026-02-12 15:55:40
2520366,2520366,ACTUALIZADO,4,2026-04,0.0,2026-03-06 20:41:42
2520366,2520366,ACTUALIZADO,3,2026-03,475604.3,2026-03-06 20:41:42
2520366,2520366,ACTUALIZADO,5,2026-05,0.0,2026-03-06 20:41:42
2520366,2520366,ACTUALIZADO,6,2026-06,0.0,2026-03-06 20:41:42
2520366,2520366,ACTUALIZADO,8,2026-08,0.0,2026-03-06 20:41:42
2520366,2520366,ACTUALIZADO,9,2026-09,0.0,2026-03-06 20:41:42
2520366,2520366,ACTUALIZADO,11,2026-11,0.0,2026-03-06 20:41:42
2520366,2520366,ACTUALIZADO,12,2026-12,0.0,2026-03-06 20:41:42
2520366,2520366,ACTUALIZADO,1,2026-01,0.0,2026-03-06 20:41:42
2520366,2520366,ACTUALIZADO,2,2026-02,24313.21,2026-03-06 20:41:42
2520366,2520366,ACTUALIZADO,7,2026-07,0.0,2026-03-06 20:41:42
2520366,2520366,ACTUALIZADO,10,2026-10,0.0,2026-03-06 20:41:42
2596184,2596184,ACTUALIZADO,9,2026-09,389760.49,2026-03-04 17:01:22
2596184,2596184,ACTUALIZADO,7,2026-07,389760.49,2026-03-04 17:01:22
2596184,2596184,ACTUALIZADO,12,2026-12,389760.49,2026-03-04 17:01:22
2596184,2596184,ACTUALIZADO,10,2026-10,389760.49,2026-03-04 17:01:22
2596184,2596184,ACTUALIZADO,2,2026-02,17640.0,2026-03-04 17:01:22
2596184,2596184,ACTUALIZADO,4,2026-04,26460.0,2026-03-04 17:01:22
2596184,2596184,ACTUALIZADO,5,2026-05,389760.49,2026-03-04 17:01:22
2596184,2596184,ACTUALIZADO,6,2026-06,389760.49,2026-03-04 17:01:22
2596184,2596184,ACTUALIZADO,8,2026-08,389760.49,2026-03-04 17:01:22
2596184,2596184,ACTUALIZADO,11,2026-11,389760.49,2026-03-04 17:01:22
2596184,2596184,ACTUALIZADO,1,2026-01,0.0,2026-03-04 17:01:22
2596184,2596184,ACTUALIZADO,3,2026-03,44100.0,2026-03-04 17:01:22
2309952,2309952,ACTUALIZADO,5,2026-05,0.0,2026-01-28 21:16:03
2309952,2309952,ACTUALIZADO,9,2026-09,0.0,2026-01-28 21:16:03
2309952,2309952,ACTUALIZADO,11,2026-11,0.0,2026-01-28 21:16:03
2309952,2309952,ACTUALIZADO,4,2026-04,0.0,2026-01-28 21:16:03
2309952,2309952,ACTUALIZADO,7,2026-07,0.0,2026-01-28 21:16:03
2309952,2309952,ACTUALIZADO,1,2026-01,1565194.5,2026-01-28 21:16:03
2309952,2309952,ACTUALIZADO,2,2026-02,1587194.5,2026-01-28 21:16:03
2309952,2309952,ACTUALIZADO,3,2026-03,0.0,2026-01-28 21:16:03
2309952,2309952,ACTUALIZADO,6,2026-06,0.0,2026-01-28 21:16:03
2309952,2309952,ACTUALIZADO,12,2026-12,0.0,2026-01-28 21:16:03
2309952,2309952,ACTUALIZADO,8,2026-08,0.0,2026-01-28 21:16:03
2309952,2309952,ACTUALIZADO,10,2026-10,0.0,2026-01-28 21:16:03
2642432,2642432,ACTUALIZADO,3,2026-03,0.0,2026-01-16 04:19:26
2642432,2642432,ACTUALIZADO,4,2026-04,0.0,2026-01-16 04:19:26
2642432,2642432,ACTUALIZADO,9,2026-09,0.0,2026-01-16 04:19:26
2642432,2642432,ACTUALIZADO,1,2026-01,22487.4,2026-01-16 04:19:26
2642432,2642432,ACTUALIZADO,11,2026-11,0.0,2026-01-16 04:19:26
2642432,2642432,ACTUALIZADO,2,2026-02,0.0,2026-01-16 04:19:26
2642432,2642432,ACTUALIZADO,8,2026-08,0.0,2026-01-16 04:19:26
2642432,2642432,ACTUALIZADO,10,2026-10,0.0,2026-01-16 04:19:26
2642432,2642432,ACTUALIZADO,12,2026-12,0.0,2026-01-16 04:19:26
2642432,2642432,ACTUALIZADO,6,2026-06,0.0,2026-01-16 04:19:26
2642432,2642432,ACTUALIZADO,7,2026-07,0.0,2026-01-16 04:19:26
2642432,2642432,ACTUALIZADO,5,2026-05,0.0,2026-01-16 04:19:26
2131115,2131115,ACTUALIZADO,10,2026-10,0.0,2026-03-18 16:02:51
2131115,2131115,ACTUALIZADO,12,2026-12,0.0,2026-03-18 16:02:51
2131115,2131115,ACTUALIZADO,11,2026-11,0.0,2026-03-18 16:02:51
2131115,2131115,ACTUALIZADO,6,2026-06,0.0,2026-03-18 16:02:51
2131115,2131115,ACTUALIZADO,7,2026-07,0.0,2026-03-18 16:02:51
2131115,2131115,ACTUALIZADO,8,2026-08,0.0,2026-03-18 16:02:51
2131115,2131115,ACTUALIZADO,9,2026-09,0.0,2026-03-18 16:02:51
2131115,2131115,ACTUALIZADO,3,2026-03,4828.91,2026-03-18 16:02:51
2131115,2131115,ACTUALIZADO,5,2026-05,77462.44,2026-03-18 16:02:51
2131115,2131115,ACTUALIZADO,1,2026-01,0.0,2026-03-18 16:02:51
2131115,2131115,ACTUALIZADO,2,2026-02,0.0,2026-03-18 16:02:51
2131115,2131115,ACTUALIZADO,4,2026-04,0.0,2026-03-18 16:02:51
2320661,2320661,ACTUALIZADO,2,2026-02,0.0,2026-02-25 21:50:05
2320661,2320661,ACTUALIZADO,11,2026-11,0.0,2026-02-25 21:50:05
2320661,2320661,ACTUALIZADO,6,2026-06,0.0,2026-02-25 21:50:05
2320661,2320661,ACTUALIZADO,8,2026-08,0.0,2026-02-25 21:50:05
2320661,2320661,ACTUALIZADO,3,2026-03,0.0,2026-02-25 21:50:05
2320661,2320661,ACTUALIZADO,5,2026-05,0.0,2026-02-25 21:50:05
2320661,2320661,ACTUALIZADO,4,2026-04,0.0,2026-02-25 21:50:05
2320661,2320661,ACTUALIZADO,7,2026-07,0.0,2026-02-25 21:50:05
2320661,2320661,ACTUALIZADO,9,2026-09,0.0,2026-02-25 21:50:05
2320661,2320661,ACTUALIZADO,12,2026-12,0.0,2026-02-25 21:50:05
2320661,2320661,ACTUALIZADO,10,2026-10,0.0,2026-02-25 21:50:05
2320661,2320661,ACTUALIZADO,1,2026-01,0.0,2026-02-25 21:50:05
2697718,2697718,ACTUALIZADO,7,2026-07,0.0,2026-03-05 00:19:14
2697718,2697718,ACTUALIZADO,12,2026-12,0.0,2026-03-05 00:19:14
2697718,2697718,ACTUALIZADO,2,2026-02,0.0,2026-03-05 00:19:14
2697718,2697718,ACTUALIZADO,8,2026-08,0.0,2026-03-05 00:19:14
2697718,2697718,ACTUALIZADO,4,2026-04,0.0,2026-03-05 00:19:14
2697718,2697718,ACTUALIZADO,10,2026-10,0.0,2026-03-05 00:19:14
2697718,2697718,ACTUALIZADO,11,2026-11,0.0,2026-03-05 00:19:14
2697718,2697718,ACTUALIZADO,5,2026-05,0.0,2026-03-05 00:19:14
2697718,2697718,ACTUALIZADO,6,2026-06,0.0,2026-03-05 00:19:14
2697718,2697718,ACTUALIZADO,9,2026-09,0.0,2026-03-05 00:19:14
2697718,2697718,ACTUALIZADO,1,2026-01,0.0,2026-03-05 00:19:14
2697718,2697718,ACTUALIZADO,3,2026-03,0.0,2026-03-05 00:19:14
2647097,2647097,ACTUALIZADO,7,2026-07,0.0,2026-02-09 15:13:18
2647097,2647097,ACTUALIZADO,11,2026-11,0.0,2026-02-09 15:13:18
2647097,2647097,ACTUALIZADO,10,2026-10,0.0,2026-02-09 15:13:18
2647097,2647097,ACTUALIZADO,12,2026-12,0.0,2026-02-09 15:13:18
2647097,2647097,ACTUALIZADO,3,2026-03,0.0,2026-02-09 15:13:18
2647097,2647097,ACTUALIZADO,5,2026-05,0.0,2026-02-09 15:13:18
2647097,2647097,ACTUALIZADO,8,2026-08,0.0,2026-02-09 15:13:18
2647097,2647097,ACTUALIZADO,1,2026-01,0.0,2026-02-09 15:13:18
2647097,2647097,ACTUALIZADO,6,2026-06,1558930.21,2026-02-09 15:13:18
2647097,2647097,ACTUALIZADO,4,2026-04,0.0,2026-02-09 15:13:18
2647097,2647097,ACTUALIZADO,9,2026-09,0.0,2026-02-09 15:13:18
2647097,2647097,ACTUALIZADO,2,2026-02,0.0,2026-02-09 15:13:18
2715454,2715454,ACTUALIZADO,12,2026-12,0.0,2026-01-22 00:08:43
2715454,2715454,ACTUALIZADO,8,2026-08,0.0,2026-01-22 00:08:43
2715454,2715454,ACTUALIZADO,10,2026-10,0.0,2026-01-22 00:08:43
2715454,2715454,ACTUALIZADO,11,2026-11,0.0,2026-01-22 00:08:43
2715454,2715454,ACTUALIZADO,1,2026-01,42500.0,2026-01-22 00:08:43
2715454,2715454,ACTUALIZADO,5,2026-05,0.0,2026-01-22 00:08:43
2715454,2715454,ACTUALIZADO,2,2026-02,0.0,2026-01-22 00:08:43
2715454,2715454,ACTUALIZADO,3,2026-03,0.0,2026-01-22 00:08:43
2715454,2715454,ACTUALIZADO,4,2026-04,0.0,2026-01-22 00:08:43
2715454,2715454,ACTUALIZADO,7,2026-07,0.0,2026-01-22 00:08:43
2715454,2715454,ACTUALIZADO,6,2026-06,0.0,2026-01-22 00:08:43
2715454,2715454,ACTUALIZADO,9,2026-09,0.0,2026-01-22 00:08:43
2541814,2541814,ACTUALIZADO,1,2026-01,0.0,2026-02-24 18:03:59
2541814,2541814,ACTUALIZADO,2,2026-02,0.0,2026-02-24 18:03:59
2541814,2541814,ACTUALIZADO,5,2026-05,0.0,2026-02-24 18:03:59
2541814,2541814,ACTUALIZADO,12,2026-12,28432.0,2026-02-24 18:03:59
2541814,2541814,ACTUALIZADO,8,2026-08,0.0,2026-02-24 18:03:59
2541814,2541814,ACTUALIZADO,10,2026-10,0.0,2026-02-24 18:03:59
2541814,2541814,ACTUALIZADO,3,2026-03,0.0,2026-02-24 18:03:59
2541814,2541814,ACTUALIZADO,6,2026-06,0.0,2026-02-24 18:03:59
2541814,2541814,ACTUALIZADO,4,2026-04,0.0,2026-02-24 18:03:59
2541814,2541814,ACTUALIZADO,7,2026-07,39804.0,2026-02-24 18:03:59
2541814,2541814,ACTUALIZADO,9,2026-09,34118.0,2026-02-24 18:03:59
2541814,2541814,ACTUALIZADO,11,2026-11,0.0,2026-02-24 18:03:59
2423388,2423388,ACTUALIZADO,9,2026-09,0.0,2026-01-28 22:42:14
2423388,2423388,ACTUALIZADO,6,2026-06,0.0,2026-01-28 22:42:14
2423388,2423388,ACTUALIZADO,2,2026-02,0.0,2026-01-28 22:42:14
2423388,2423388,ACTUALIZADO,5,2026-05,0.0,2026-01-28 22:42:14
2423388,2423388,ACTUALIZADO,1,2026-01,0.0,2026-01-28 22:42:14
2423388,2423388,ACTUALIZADO,3,2026-03,0.0,2026-01-28 22:42:14
2423388,2423388,ACTUALIZADO,4,2026-04,0.0,2026-01-28 22:42:14
2423388,2423388,ACTUALIZADO,8,2026-08,0.0,2026-01-28 22:42:14
2423388,2423388,ACTUALIZADO,12,2026-12,4119750.0,2026-01-28 22:42:14
2423388,2423388,ACTUALIZADO,7,2026-07,0.0,2026-01-28 22:42:14
2423388,2423388,ACTUALIZADO,10,2026-10,0.0,2026-01-28 22:42:14
2423388,2423388,ACTUALIZADO,11,2026-11,0.0,2026-01-28 22:42:14
2666634,2666634,ACTUALIZADO,3,2026-03,0.0,2026-02-26 17:11:58
2666634,2666634,ACTUALIZADO,9,2026-09,0.0,2026-02-26 17:11:58
2666634,2666634,ACTUALIZADO,1,2026-01,0.0,2026-02-26 17:11:58
2666634,2666634,ACTUALIZADO,2,2026-02,0.0,2026-02-26 17:11:58
2666634,2666634,ACTUALIZADO,4,2026-04,0.0,2026-02-26 17:11:58
2666634,2666634,ACTUALIZADO,10,2026-10,0.0,2026-02-26 17:11:58
2666634,2666634,ACTUALIZADO,6,2026-06,0.0,2026-02-26 17:11:58
2666634,2666634,ACTUALIZADO,11,2026-11,0.0,2026-02-26 17:11:58
2666634,2666634,ACTUALIZADO,8,2026-08,0.0,2026-02-26 17:11:58
2666634,2666634,ACTUALIZADO,12,2026-12,0.0,2026-02-26 17:11:58
2666634,2666634,ACTUALIZADO,7,2026-07,0.0,2026-02-26 17:11:58
2666634,2666634,ACTUALIZADO,5,2026-05,0.0,2026-02-26 17:11:58
2692290,2692290,ACTUALIZADO,2,2026-02,15135.59,2026-03-16 14:43:52
2692290,2692290,ACTUALIZADO,4,2026-04,230957.5,2026-03-16 14:43:52
2692290,2692290,ACTUALIZADO,8,2026-08,0.0,2026-03-16 14:43:52
2692290,2692290,ACTUALIZADO,12,2026-12,0.0,2026-03-16 14:43:52
2692290,2692290,ACTUALIZADO,7,2026-07,0.0,2026-03-16 14:43:52
2692290,2692290,ACTUALIZADO,5,2026-05,200000.0,2026-03-16 14:43:52
2692290,2692290,ACTUALIZADO,9,2026-09,0.0,2026-03-16 14:43:52
2692290,2692290,ACTUALIZADO,1,2026-01,8551.66,2026-03-16 14:43:52
2692290,2692290,ACTUALIZADO,11,2026-11,0.0,2026-03-16 14:43:52
2692290,2692290,ACTUALIZADO,3,2026-03,230957.5,2026-03-16 14:43:52
2692290,2692290,ACTUALIZADO,6,2026-06,238227.75,2026-03-16 14:43:52
2692290,2692290,ACTUALIZADO,10,2026-10,0.0,2026-03-16 14:43:52
2610614,2610614,ACTUALIZADO,2,2026-02,0.0,2026-02-19 16:21:26
2610614,2610614,ACTUALIZADO,6,2026-06,0.0,2026-02-19 16:21:26
2610614,2610614,ACTUALIZADO,10,2026-10,0.0,2026-02-19 16:21:26
2610614,2610614,ACTUALIZADO,9,2026-09,0.0,2026-02-19 16:21:26
2610614,2610614,ACTUALIZADO,5,2026-05,0.0,2026-02-19 16:21:26
2610614,2610614,ACTUALIZADO,8,2026-08,0.0,2026-02-19 16:21:26
2610614,2610614,ACTUALIZADO,12,2026-12,0.0,2026-02-19 16:21:26
2610614,2610614,ACTUALIZADO,4,2026-04,0.0,2026-02-19 16:21:26
2610614,2610614,ACTUALIZADO,3,2026-03,0.0,2026-02-19 16:21:26
2610614,2610614,ACTUALIZADO,7,2026-07,0.0,2026-02-19 16:21:26
2610614,2610614,ACTUALIZADO,1,2026-01,0.0,2026-02-19 16:21:26
2610614,2610614,ACTUALIZADO,11,2026-11,0.0,2026-02-19 16:21:26
2709662,2709662,ACTUALIZADO,8,2026-08,0.0,2026-01-13 14:39:16
2709662,2709662,ACTUALIZADO,4,2026-04,171026.3,2026-01-13 14:39:16
2709662,2709662,ACTUALIZADO,11,2026-11,0.0,2026-01-13 14:39:16
2709662,2709662,ACTUALIZADO,1,2026-01,0.0,2026-01-13 14:39:16
2709662,2709662,ACTUALIZADO,6,2026-06,0.0,2026-01-13 14:39:16
2709662,2709662,ACTUALIZADO,2,2026-02,40000.0,2026-01-13 14:39:16
2709662,2709662,ACTUALIZADO,5,2026-05,171026.3,2026-01-13 14:39:16
2709662,2709662,ACTUALIZADO,7,2026-07,0.0,2026-01-13 14:39:16
2709662,2709662,ACTUALIZADO,10,2026-10,0.0,2026-01-13 14:39:16
2709662,2709662,ACTUALIZADO,3,2026-03,171026.3,2026-01-13 14:39:16
2709662,2709662,ACTUALIZADO,9,2026-09,0.0,2026-01-13 14:39:16
2709662,2709662,ACTUALIZADO,12,2026-12,0.0,2026-01-13 14:39:16
2508582,2508582,ACTUALIZADO,7,2026-07,0.0,2026-02-24 19:23:11
2508582,2508582,ACTUALIZADO,1,2026-01,0.0,2026-02-24 19:23:11
2508582,2508582,ACTUALIZADO,3,2026-03,0.0,2026-02-24 19:23:11
2508582,2508582,ACTUALIZADO,4,2026-04,0.0,2026-02-24 19:23:11
2508582,2508582,ACTUALIZADO,9,2026-09,0.0,2026-02-24 19:23:11
2508582,2508582,ACTUALIZADO,6,2026-06,0.0,2026-02-24 19:23:11
2508582,2508582,ACTUALIZADO,10,2026-10,0.0,2026-02-24 19:23:11
2508582,2508582,ACTUALIZADO,12,2026-12,0.0,2026-02-24 19:23:11
2508582,2508582,ACTUALIZADO,2,2026-02,0.0,2026-02-24 19:23:11
2508582,2508582,ACTUALIZADO,5,2026-05,0.0,2026-02-24 19:23:11
2508582,2508582,ACTUALIZADO,8,2026-08,0.0,2026-02-24 19:23:11
2508582,2508582,ACTUALIZADO,11,2026-11,0.0,2026-02-24 19:23:11
2651835,2651835,ACTUALIZADO,3,2026-03,0.0,2026-02-24 17:08:47
2651835,2651835,ACTUALIZADO,7,2026-07,0.0,2026-02-24 17:08:47
2651835,2651835,ACTUALIZADO,1,2026-01,0.0,2026-02-24 17:08:47
2651835,2651835,ACTUALIZADO,4,2026-04,0.0,2026-02-24 17:08:47
2651835,2651835,ACTUALIZADO,12,2026-12,0.0,2026-02-24 17:08:47
2651835,2651835,ACTUALIZADO,5,2026-05,0.0,2026-02-24 17:08:47
2651835,2651835,ACTUALIZADO,6,2026-06,0.0,2026-02-24 17:08:47
2651835,2651835,ACTUALIZADO,9,2026-09,0.0,2026-02-24 17:08:47
2651835,2651835,ACTUALIZADO,10,2026-10,0.0,2026-02-24 17:08:47
2651835,2651835,ACTUALIZADO,2,2026-02,0.0,2026-02-24 17:08:47
2651835,2651835,ACTUALIZADO,8,2026-08,0.0,2026-02-24 17:08:47
2651835,2651835,ACTUALIZADO,11,2026-11,0.0,2026-02-24 17:08:47
2689534,2689534,ACTUALIZADO,12,2026-12,236665.89,2026-02-24 03:33:34
2689534,2689534,ACTUALIZADO,9,2026-09,236665.91,2026-02-24 03:33:34
2689534,2689534,ACTUALIZADO,3,2026-03,0.0,2026-02-24 03:33:34
2689534,2689534,ACTUALIZADO,8,2026-08,236665.91,2026-02-24 03:33:34
2689534,2689534,ACTUALIZADO,10,2026-10,236665.91,2026-02-24 03:33:34
2689534,2689534,ACTUALIZADO,4,2026-04,0.0,2026-02-24 03:33:34
2689534,2689534,ACTUALIZADO,5,2026-05,0.0,2026-02-24 03:33:34
2689534,2689534,ACTUALIZADO,6,2026-06,0.0,2026-02-24 03:33:34
2689534,2689534,ACTUALIZADO,1,2026-01,0.0,2026-02-24 03:33:34
2689534,2689534,ACTUALIZADO,2,2026-02,0.0,2026-02-24 03:33:34
2689534,2689534,ACTUALIZADO,7,2026-07,236665.91,2026-02-24 03:33:34
2689534,2689534,ACTUALIZADO,11,2026-11,236665.91,2026-02-24 03:33:34
2547741,2547741,ACTUALIZADO,3,2026-03,50000.0,2026-02-11 21:10:42
2547741,2547741,ACTUALIZADO,4,2026-04,20000.0,2026-02-11 21:10:42
2547741,2547741,ACTUALIZADO,7,2026-07,0.0,2026-02-11 21:10:42
2547741,2547741,ACTUALIZADO,12,2026-12,0.0,2026-02-11 21:10:42
2547741,2547741,ACTUALIZADO,11,2026-11,0.0,2026-02-11 21:10:42
2547741,2547741,ACTUALIZADO,1,2026-01,0.0,2026-02-11 21:10:42
2547741,2547741,ACTUALIZADO,2,2026-02,30000.0,2026-02-11 21:10:42
2547741,2547741,ACTUALIZADO,5,2026-05,0.0,2026-02-11 21:10:42
2547741,2547741,ACTUALIZADO,10,2026-10,0.0,2026-02-11 21:10:42
2547741,2547741,ACTUALIZADO,8,2026-08,0.0,2026-02-11 21:10:42
2547741,2547741,ACTUALIZADO,9,2026-09,0.0,2026-02-11 21:10:42
2547741,2547741,ACTUALIZADO,6,2026-06,0.0,2026-02-11 21:10:42
2619442,2619442,ACTUALIZADO,11,2026-11,0.0,2026-03-13 14:07:48
2619442,2619442,ACTUALIZADO,1,2026-01,0.0,2026-03-13 14:07:48
2619442,2619442,ACTUALIZADO,8,2026-08,0.0,2026-03-13 14:07:48
2619442,2619442,ACTUALIZADO,2,2026-02,0.0,2026-03-13 14:07:48
2619442,2619442,ACTUALIZADO,12,2026-12,0.0,2026-03-13 14:07:48
2619442,2619442,ACTUALIZADO,9,2026-09,0.0,2026-03-13 14:07:48
2619442,2619442,ACTUALIZADO,5,2026-05,0.0,2026-03-13 14:07:48
2619442,2619442,ACTUALIZADO,3,2026-03,0.0,2026-03-13 14:07:48
2619442,2619442,ACTUALIZADO,4,2026-04,0.0,2026-03-13 14:07:48
2619442,2619442,ACTUALIZADO,6,2026-06,0.0,2026-03-13 14:07:48
2619442,2619442,ACTUALIZADO,7,2026-07,0.0,2026-03-13 14:07:48
2619442,2619442,ACTUALIZADO,10,2026-10,0.0,2026-03-13 14:07:48
2598839,2598839,ACTUALIZADO,7,2026-07,0.0,2026-02-06 21:53:50
2598839,2598839,ACTUALIZADO,8,2026-08,0.0,2026-02-06 21:53:50
2598839,2598839,ACTUALIZADO,1,2026-01,0.0,2026-02-06 21:53:50
2598839,2598839,ACTUALIZADO,2,2026-02,0.0,2026-02-06 21:53:50
2598839,2598839,ACTUALIZADO,11,2026-11,0.0,2026-02-06 21:53:50
2598839,2598839,ACTUALIZADO,5,2026-05,0.0,2026-02-06 21:53:50
2598839,2598839,ACTUALIZADO,9,2026-09,0.0,2026-02-06 21:53:50
2598839,2598839,ACTUALIZADO,10,2026-10,0.0,2026-02-06 21:53:50
2598839,2598839,ACTUALIZADO,4,2026-04,0.0,2026-02-06 21:53:50
2598839,2598839,ACTUALIZADO,12,2026-12,0.0,2026-02-06 21:53:50
2598839,2598839,ACTUALIZADO,6,2026-06,0.0,2026-02-06 21:53:50
2598839,2598839,ACTUALIZADO,3,2026-03,0.0,2026-02-06 21:53:50
2537519,2537519,ACTUALIZADO,4,2026-04,0.0,2026-02-17 18:05:44
2537519,2537519,ACTUALIZADO,7,2026-07,0.0,2026-02-17 18:05:44
2537519,2537519,ACTUALIZADO,10,2026-10,0.0,2026-02-17 18:05:44
2537519,2537519,ACTUALIZADO,12,2026-12,0.0,2026-02-17 18:05:44
2537519,2537519,ACTUALIZADO,9,2026-09,3500000.0,2026-02-17 18:05:44
2537519,2537519,ACTUALIZADO,11,2026-11,0.0,2026-02-17 18:05:44
2537519,2537519,ACTUALIZADO,5,2026-05,0.0,2026-02-17 18:05:44
2537519,2537519,ACTUALIZADO,8,2026-08,0.0,2026-02-17 18:05:44
2537519,2537519,ACTUALIZADO,2,2026-02,0.0,2026-02-17 18:05:44
2537519,2537519,ACTUALIZADO,1,2026-01,0.0,2026-02-17 18:05:44
2537519,2537519,ACTUALIZADO,3,2026-03,0.0,2026-02-17 18:05:44
2537519,2537519,ACTUALIZADO,6,2026-06,0.0,2026-02-17 18:05:44
2463306,2463306,ACTUALIZADO,11,2026-11,300037.1,2026-03-26 01:28:45
2463306,2463306,ACTUALIZADO,10,2026-10,254086.0,2026-03-26 01:28:45
2463306,2463306,ACTUALIZADO,1,2026-01,1391.0,2026-03-26 01:28:45
2463306,2463306,ACTUALIZADO,2,2026-02,5108.94,2026-03-26 01:28:45
2463306,2463306,ACTUALIZADO,3,2026-03,222201.17,2026-03-26 01:28:45
2463306,2463306,ACTUALIZADO,9,2026-09,290616.0,2026-03-26 01:28:45
2463306,2463306,ACTUALIZADO,12,2026-12,114370.5,2026-03-26 01:28:45
2463306,2463306,ACTUALIZADO,4,2026-04,322271.23,2026-03-26 01:28:45
2463306,2463306,ACTUALIZADO,8,2026-08,355696.42,2026-03-26 01:28:45
2463306,2463306,ACTUALIZADO,5,2026-05,785405.76,2026-03-26 01:28:45
2463306,2463306,ACTUALIZADO,6,2026-06,1002675.46,2026-03-26 01:28:45
2463306,2463306,ACTUALIZADO,7,2026-07,346140.42,2026-03-26 01:28:45
2131121,2131121,ACTUALIZADO,8,2026-08,0.0,2026-02-18 23:05:58
2131121,2131121,ACTUALIZADO,12,2026-12,13397.43,2026-02-18 23:05:58
2131121,2131121,ACTUALIZADO,6,2026-06,0.0,2026-02-18 23:05:58
2131121,2131121,ACTUALIZADO,7,2026-07,0.0,2026-02-18 23:05:58
2131121,2131121,ACTUALIZADO,4,2026-04,0.0,2026-02-18 23:05:58
2131121,2131121,ACTUALIZADO,5,2026-05,0.0,2026-02-18 23:05:58
2131121,2131121,ACTUALIZADO,3,2026-03,0.0,2026-02-18 23:05:58
2131121,2131121,ACTUALIZADO,10,2026-10,0.0,2026-02-18 23:05:58
2131121,2131121,ACTUALIZADO,11,2026-11,0.0,2026-02-18 23:05:58
2131121,2131121,ACTUALIZADO,1,2026-01,0.0,2026-02-18 23:05:58
2131121,2131121,ACTUALIZADO,2,2026-02,0.0,2026-02-18 23:05:58
2131121,2131121,ACTUALIZADO,9,2026-09,0.0,2026-02-18 23:05:58
2705730,2705730,ACTUALIZADO,1,2026-01,0.0,2026-03-20 15:47:58
2705730,2705730,ACTUALIZADO,3,2026-03,0.0,2026-03-20 15:47:58
2705730,2705730,ACTUALIZADO,10,2026-10,0.0,2026-03-20 15:47:58
2705730,2705730,ACTUALIZADO,11,2026-11,0.0,2026-03-20 15:47:58
2705730,2705730,ACTUALIZADO,5,2026-05,4093.33,2026-03-20 15:47:58
2705730,2705730,ACTUALIZADO,6,2026-06,421726.67,2026-03-20 15:47:58
2705730,2705730,ACTUALIZADO,2,2026-02,0.0,2026-03-20 15:47:58
2705730,2705730,ACTUALIZADO,8,2026-08,3800.0,2026-03-20 15:47:58
2705730,2705730,ACTUALIZADO,7,2026-07,0.0,2026-03-20 15:47:58
2705730,2705730,ACTUALIZADO,12,2026-12,0.0,2026-03-20 15:47:58
2705730,2705730,ACTUALIZADO,4,2026-04,19093.33,2026-03-20 15:47:58
2705730,2705730,ACTUALIZADO,9,2026-09,0.0,2026-03-20 15:47:58
2694850,2694850,ACTUALIZADO,2,2026-02,0.0,2026-03-02 20:29:48
2694850,2694850,ACTUALIZADO,1,2026-01,0.0,2026-03-02 20:29:48
2694850,2694850,ACTUALIZADO,5,2026-05,0.0,2026-03-02 20:29:48
2694850,2694850,ACTUALIZADO,7,2026-07,0.0,2026-03-02 20:29:48
2694850,2694850,ACTUALIZADO,10,2026-10,0.0,2026-03-02 20:29:48
2694850,2694850,ACTUALIZADO,3,2026-03,0.0,2026-03-02 20:29:48
2694850,2694850,ACTUALIZADO,4,2026-04,0.0,2026-03-02 20:29:48
2694850,2694850,ACTUALIZADO,9,2026-09,0.0,2026-03-02 20:29:48
2694850,2694850,ACTUALIZADO,12,2026-12,0.0,2026-03-02 20:29:48
2694850,2694850,ACTUALIZADO,6,2026-06,1390.0,2026-03-02 20:29:48
2694850,2694850,ACTUALIZADO,8,2026-08,0.0,2026-03-02 20:29:48
2694850,2694850,ACTUALIZADO,11,2026-11,0.0,2026-03-02 20:29:48
2534303,2534303,ACTUALIZADO,9,2026-09,0.0,2026-02-23 19:45:36
2534303,2534303,ACTUALIZADO,10,2026-10,0.0,2026-02-23 19:45:36
2534303,2534303,ACTUALIZADO,2,2026-02,0.0,2026-02-23 19:45:36
2534303,2534303,ACTUALIZADO,3,2026-03,3500.0,2026-02-23 19:45:36
2534303,2534303,ACTUALIZADO,8,2026-08,0.0,2026-02-23 19:45:36
2534303,2534303,ACTUALIZADO,12,2026-12,0.0,2026-02-23 19:45:36
2534303,2534303,ACTUALIZADO,1,2026-01,0.0,2026-02-23 19:45:36
2534303,2534303,ACTUALIZADO,4,2026-04,2500.0,2026-02-23 19:45:36
2534303,2534303,ACTUALIZADO,7,2026-07,0.0,2026-02-23 19:45:36
2534303,2534303,ACTUALIZADO,6,2026-06,2050.0,2026-02-23 19:45:36
2534303,2534303,ACTUALIZADO,11,2026-11,0.0,2026-02-23 19:45:36
2534303,2534303,ACTUALIZADO,5,2026-05,1950.0,2026-02-23 19:45:36
2513814,2513814,ACTUALIZADO,2,2026-02,0.0,2026-02-24 21:50:03
2513814,2513814,ACTUALIZADO,4,2026-04,0.0,2026-02-24 21:50:03
2513814,2513814,ACTUALIZADO,8,2026-08,0.0,2026-02-24 21:50:03
2513814,2513814,ACTUALIZADO,7,2026-07,0.0,2026-02-24 21:50:03
2513814,2513814,ACTUALIZADO,10,2026-10,500000.0,2026-02-24 21:50:03
2513814,2513814,ACTUALIZADO,11,2026-11,750000.0,2026-02-24 21:50:03
2513814,2513814,ACTUALIZADO,12,2026-12,930000.0,2026-02-24 21:50:03
2513814,2513814,ACTUALIZADO,1,2026-01,0.0,2026-02-24 21:50:03
2513814,2513814,ACTUALIZADO,3,2026-03,0.0,2026-02-24 21:50:03
2513814,2513814,ACTUALIZADO,5,2026-05,0.0,2026-02-24 21:50:03
2513814,2513814,ACTUALIZADO,6,2026-06,0.0,2026-02-24 21:50:03
2513814,2513814,ACTUALIZADO,9,2026-09,0.0,2026-02-24 21:50:03
2645720,2645720,ACTUALIZADO,1,2026-01,18402.52,2026-03-10 20:28:17
2645720,2645720,ACTUALIZADO,10,2026-10,0.0,2026-03-10 20:28:17
2645720,2645720,ACTUALIZADO,5,2026-05,0.0,2026-03-10 20:28:17
2645720,2645720,ACTUALIZADO,2,2026-02,124210.16,2026-03-10 20:28:17
2645720,2645720,ACTUALIZADO,4,2026-04,473590.32,2026-03-10 20:28:17
2645720,2645720,ACTUALIZADO,11,2026-11,0.0,2026-03-10 20:28:17
2645720,2645720,ACTUALIZADO,3,2026-03,9597.0,2026-03-10 20:28:17
2645720,2645720,ACTUALIZADO,6,2026-06,0.0,2026-03-10 20:28:17
2645720,2645720,ACTUALIZADO,7,2026-07,0.0,2026-03-10 20:28:17
2645720,2645720,ACTUALIZADO,8,2026-08,0.0,2026-03-10 20:28:17
2645720,2645720,ACTUALIZADO,9,2026-09,0.0,2026-03-10 20:28:17
2645720,2645720,ACTUALIZADO,12,2026-12,24455.56,2026-03-10 20:28:17
2502134,2502134,ACTUALIZADO,3,2026-03,0.0,2026-02-20 21:36:16
2502134,2502134,ACTUALIZADO,11,2026-11,0.0,2026-02-20 21:36:16
2502134,2502134,ACTUALIZADO,7,2026-07,0.0,2026-02-20 21:36:16
2502134,2502134,ACTUALIZADO,9,2026-09,24460000.0,2026-02-20 21:36:16
2502134,2502134,ACTUALIZADO,2,2026-02,0.0,2026-02-20 21:36:16
2502134,2502134,ACTUALIZADO,4,2026-04,0.0,2026-02-20 21:36:16
2502134,2502134,ACTUALIZADO,6,2026-06,14487000.0,2026-02-20 21:36:16
2502134,2502134,ACTUALIZADO,10,2026-10,0.0,2026-02-20 21:36:16
2502134,2502134,ACTUALIZADO,5,2026-05,0.0,2026-02-20 21:36:16
2502134,2502134,ACTUALIZADO,12,2026-12,29846000.0,2026-02-20 21:36:16
2502134,2502134,ACTUALIZADO,1,2026-01,0.0,2026-02-20 21:36:16
2502134,2502134,ACTUALIZADO,8,2026-08,0.0,2026-02-20 21:36:16
2703429,2703429,ACTUALIZADO,1,2026-01,0.0,2026-02-11 15:07:11
2703429,2703429,ACTUALIZADO,4,2026-04,0.0,2026-02-11 15:07:11
2703429,2703429,ACTUALIZADO,12,2026-12,0.0,2026-02-11 15:07:11
2703429,2703429,ACTUALIZADO,10,2026-10,0.0,2026-02-11 15:07:11
2703429,2703429,ACTUALIZADO,3,2026-03,0.0,2026-02-11 15:07:11
2703429,2703429,ACTUALIZADO,5,2026-05,0.0,2026-02-11 15:07:11
2703429,2703429,ACTUALIZADO,7,2026-07,0.0,2026-02-11 15:07:11
2703429,2703429,ACTUALIZADO,2,2026-02,0.0,2026-02-11 15:07:11
2703429,2703429,ACTUALIZADO,8,2026-08,0.0,2026-02-11 15:07:11
2703429,2703429,ACTUALIZADO,6,2026-06,0.0,2026-02-11 15:07:11
2703429,2703429,ACTUALIZADO,9,2026-09,0.0,2026-02-11 15:07:11
2703429,2703429,ACTUALIZADO,11,2026-11,0.0,2026-02-11 15:07:11
2716925,2716925,ACTUALIZADO,7,2026-07,0.0,2026-02-26 12:13:00
2716925,2716925,ACTUALIZADO,1,2026-01,0.0,2026-02-26 12:13:00
2716925,2716925,ACTUALIZADO,2,2026-02,0.0,2026-02-26 12:13:00
2716925,2716925,ACTUALIZADO,3,2026-03,0.0,2026-02-26 12:13:00
2716925,2716925,ACTUALIZADO,8,2026-08,0.0,2026-02-26 12:13:00
2716925,2716925,ACTUALIZADO,12,2026-12,0.0,2026-02-26 12:13:00
2716925,2716925,ACTUALIZADO,6,2026-06,43000.0,2026-02-26 12:13:00
2716925,2716925,ACTUALIZADO,9,2026-09,0.0,2026-02-26 12:13:00
2716925,2716925,ACTUALIZADO,11,2026-11,0.0,2026-02-26 12:13:00
2716925,2716925,ACTUALIZADO,4,2026-04,0.0,2026-02-26 12:13:00
2716925,2716925,ACTUALIZADO,5,2026-05,0.0,2026-02-26 12:13:00
2716925,2716925,ACTUALIZADO,10,2026-10,0.0,2026-02-26 12:13:00
2569808,2569808,ACTUALIZADO,2,2026-02,42834.12,2026-03-09 22:23:18
2569808,2569808,ACTUALIZADO,11,2026-11,0.0,2026-03-09 22:23:18
2569808,2569808,ACTUALIZADO,4,2026-04,93686.62,2026-03-09 22:23:18
2569808,2569808,ACTUALIZADO,6,2026-06,0.0,2026-03-09 22:23:18
2569808,2569808,ACTUALIZADO,3,2026-03,97000.0,2026-03-09 22:23:18
2569808,2569808,ACTUALIZADO,5,2026-05,0.0,2026-03-09 22:23:18
2569808,2569808,ACTUALIZADO,10,2026-10,0.0,2026-03-09 22:23:18
2569808,2569808,ACTUALIZADO,1,2026-01,16479.26,2026-03-09 22:23:18
2569808,2569808,ACTUALIZADO,7,2026-07,0.0,2026-03-09 22:23:18
2569808,2569808,ACTUALIZADO,12,2026-12,0.0,2026-03-09 22:23:18
2569808,2569808,ACTUALIZADO,9,2026-09,0.0,2026-03-09 22:23:18
2569808,2569808,ACTUALIZADO,8,2026-08,0.0,2026-03-09 22:23:18
2707086,2707086,ACTUALIZADO,1,2026-01,0.0,2026-02-25 19:22:08
2707086,2707086,ACTUALIZADO,2,2026-02,0.0,2026-02-25 19:22:08
2707086,2707086,ACTUALIZADO,3,2026-03,0.0,2026-02-25 19:22:08
2707086,2707086,ACTUALIZADO,8,2026-08,0.0,2026-02-25 19:22:08
2707086,2707086,ACTUALIZADO,5,2026-05,0.0,2026-02-25 19:22:08
2707086,2707086,ACTUALIZADO,6,2026-06,0.0,2026-02-25 19:22:08
2707086,2707086,ACTUALIZADO,9,2026-09,0.0,2026-02-25 19:22:08
2707086,2707086,ACTUALIZADO,12,2026-12,0.0,2026-02-25 19:22:08
2707086,2707086,ACTUALIZADO,7,2026-07,0.0,2026-02-25 19:22:08
2707086,2707086,ACTUALIZADO,11,2026-11,0.0,2026-02-25 19:22:08
2707086,2707086,ACTUALIZADO,4,2026-04,0.0,2026-02-25 19:22:08
2707086,2707086,ACTUALIZADO,10,2026-10,0.0,2026-02-25 19:22:08
2701241,2701241,ACTUALIZADO,1,2026-01,0.0,2026-04-07 16:02:17
2701241,2701241,ACTUALIZADO,5,2026-05,0.0,2026-04-07 16:02:17
2701241,2701241,ACTUALIZADO,6,2026-06,0.0,2026-04-07 16:02:17
2701241,2701241,ACTUALIZADO,8,2026-08,0.0,2026-04-07 16:02:17
2701241,2701241,ACTUALIZADO,4,2026-04,447650.34,2026-04-07 16:02:17
2701241,2701241,ACTUALIZADO,7,2026-07,0.0,2026-04-07 16:02:17
2701241,2701241,ACTUALIZADO,11,2026-11,0.0,2026-04-07 16:02:17
2701241,2701241,ACTUALIZADO,3,2026-03,0.0,2026-04-07 16:02:17
2701241,2701241,ACTUALIZADO,10,2026-10,0.0,2026-04-07 16:02:17
2701241,2701241,ACTUALIZADO,9,2026-09,0.0,2026-04-07 16:02:17
2701241,2701241,ACTUALIZADO,2,2026-02,0.0,2026-04-07 16:02:17
2701241,2701241,ACTUALIZADO,12,2026-12,0.0,2026-04-07 16:02:17
2624701,2624701,ACTUALIZADO,4,2026-04,0.0,2026-02-05 16:28:05
2624701,2624701,ACTUALIZADO,11,2026-11,0.0,2026-02-05 16:28:05
2624701,2624701,ACTUALIZADO,6,2026-06,0.0,2026-02-05 16:28:05
2624701,2624701,ACTUALIZADO,8,2026-08,0.0,2026-02-05 16:28:05
2624701,2624701,ACTUALIZADO,7,2026-07,0.0,2026-02-05 16:28:05
2624701,2624701,ACTUALIZADO,9,2026-09,0.0,2026-02-05 16:28:05
2624701,2624701,ACTUALIZADO,12,2026-12,0.0,2026-02-05 16:28:05
2624701,2624701,ACTUALIZADO,10,2026-10,0.0,2026-02-05 16:28:05
2624701,2624701,ACTUALIZADO,2,2026-02,0.0,2026-02-05 16:28:05
2624701,2624701,ACTUALIZADO,3,2026-03,81565.78,2026-02-05 16:28:05
2624701,2624701,ACTUALIZADO,1,2026-01,0.0,2026-02-05 16:28:05
2624701,2624701,ACTUALIZADO,5,2026-05,0.0,2026-02-05 16:28:05
2614924,2614924,ACTUALIZADO,1,2026-01,210000.0,2025-02-04 21:51:51
2614924,2614924,ACTUALIZADO,3,2026-03,863693.6,2025-02-04 21:51:51
2614924,2614924,ACTUALIZADO,5,2026-05,0.0,2025-02-04 21:51:51
2614924,2614924,ACTUALIZADO,9,2026-09,0.0,2025-02-04 21:51:51
2614924,2614924,ACTUALIZADO,6,2026-06,544642.0,2025-02-04 21:51:51
2614924,2614924,ACTUALIZADO,10,2026-10,0.0,2025-02-04 21:51:51
2614924,2614924,ACTUALIZADO,7,2026-07,0.0,2025-02-04 21:51:51
2614924,2614924,ACTUALIZADO,4,2026-04,0.0,2025-02-04 21:51:51
2614924,2614924,ACTUALIZADO,8,2026-08,0.0,2025-02-04 21:51:51
2614924,2614924,ACTUALIZADO,12,2026-12,0.0,2025-02-04 21:51:51
2614924,2614924,ACTUALIZADO,2,2026-02,300000.0,2025-02-04 21:51:51
2614924,2614924,ACTUALIZADO,11,2026-11,0.0,2025-02-04 21:51:51
2476686,2476686,ACTUALIZADO,2,2026-02,0.0,2026-03-19 18:00:02
2476686,2476686,ACTUALIZADO,9,2026-09,238413.14,2026-03-19 18:00:02
2476686,2476686,ACTUALIZADO,10,2026-10,1503558.72,2026-03-19 18:00:02
2476686,2476686,ACTUALIZADO,11,2026-11,2386022.99,2026-03-19 18:00:02
2476686,2476686,ACTUALIZADO,8,2026-08,70115.32,2026-03-19 18:00:02
2476686,2476686,ACTUALIZADO,1,2026-01,0.0,2026-03-19 18:00:02
2476686,2476686,ACTUALIZADO,7,2026-07,108736.2,2026-03-19 18:00:02
2476686,2476686,ACTUALIZADO,12,2026-12,2583462.67,2026-03-19 18:00:02
2476686,2476686,ACTUALIZADO,3,2026-03,0.0,2026-03-19 18:00:02
2476686,2476686,ACTUALIZADO,4,2026-04,0.0,2026-03-19 18:00:02
2476686,2476686,ACTUALIZADO,5,2026-05,0.0,2026-03-19 18:00:02
2476686,2476686,ACTUALIZADO,6,2026-06,0.0,2026-03-19 18:00:02
2692733,2692733,ACTUALIZADO,10,2026-10,0.0,2026-03-24 01:59:31
2692733,2692733,ACTUALIZADO,5,2026-05,0.0,2026-03-24 01:59:31
2692733,2692733,ACTUALIZADO,6,2026-06,279160.0,2026-03-24 01:59:31
2692733,2692733,ACTUALIZADO,7,2026-07,0.0,2026-03-24 01:59:31
2692733,2692733,ACTUALIZADO,8,2026-08,0.0,2026-03-24 01:59:31
2692733,2692733,ACTUALIZADO,1,2026-01,0.0,2026-03-24 01:59:31
2692733,2692733,ACTUALIZADO,9,2026-09,0.0,2026-03-24 01:59:31
2692733,2692733,ACTUALIZADO,12,2026-12,0.0,2026-03-24 01:59:31
2692733,2692733,ACTUALIZADO,3,2026-03,0.0,2026-03-24 01:59:31
2692733,2692733,ACTUALIZADO,2,2026-02,0.0,2026-03-24 01:59:31
2692733,2692733,ACTUALIZADO,11,2026-11,0.0,2026-03-24 01:59:31
2692733,2692733,ACTUALIZADO,4,2026-04,0.0,2026-03-24 01:59:31
2691575,2691575,ACTUALIZADO,10,2026-10,119695.79,2026-02-16 14:04:17
2691575,2691575,ACTUALIZADO,11,2026-11,119695.79,2026-02-16 14:04:17
2691575,2691575,ACTUALIZADO,12,2026-12,119695.83,2026-02-16 14:04:17
2691575,2691575,ACTUALIZADO,7,2026-07,119695.79,2026-02-16 14:04:17
2691575,2691575,ACTUALIZADO,9,2026-09,119695.79,2026-02-16 14:04:17
2691575,2691575,ACTUALIZADO,1,2026-01,0.0,2026-02-16 14:04:17
2691575,2691575,ACTUALIZADO,6,2026-06,119695.79,2026-02-16 14:04:17
2691575,2691575,ACTUALIZADO,2,2026-02,0.0,2026-02-16 14:04:17
2691575,2691575,ACTUALIZADO,5,2026-05,119695.79,2026-02-16 14:04:17
2691575,2691575,ACTUALIZADO,8,2026-08,119695.79,2026-02-16 14:04:17
2691575,2691575,ACTUALIZADO,3,2026-03,119695.79,2026-02-16 14:04:17
2691575,2691575,ACTUALIZADO,4,2026-04,119695.79,2026-02-16 14:04:17
2250100,2250100,ACTUALIZADO,2,2026-02,20272.62,2026-03-18 16:47:43
2250100,2250100,ACTUALIZADO,3,2026-03,43120.51,2026-03-18 16:47:43
2250100,2250100,ACTUALIZADO,1,2026-01,0.0,2026-03-18 16:47:43
2250100,2250100,ACTUALIZADO,10,2026-10,0.0,2026-03-18 16:47:43
2250100,2250100,ACTUALIZADO,4,2026-04,90000.0,2026-03-18 16:47:43
2250100,2250100,ACTUALIZADO,5,2026-05,91332.0,2026-03-18 16:47:43
2250100,2250100,ACTUALIZADO,9,2026-09,503375.61,2026-03-18 16:47:43
2250100,2250100,ACTUALIZADO,7,2026-07,485445.0,2026-03-18 16:47:43
2250100,2250100,ACTUALIZADO,11,2026-11,0.0,2026-03-18 16:47:43
2250100,2250100,ACTUALIZADO,12,2026-12,0.0,2026-03-18 16:47:43
2250100,2250100,ACTUALIZADO,8,2026-08,73600.0,2026-03-18 16:47:43
2250100,2250100,ACTUALIZADO,6,2026-06,413403.0,2026-03-18 16:47:43
2698600,2698600,ACTUALIZADO,5,2026-05,0.0,2026-02-12 20:23:01
2698600,2698600,ACTUALIZADO,11,2026-11,0.0,2026-02-12 20:23:01
2698600,2698600,ACTUALIZADO,1,2026-01,0.0,2026-02-12 20:23:01
2698600,2698600,ACTUALIZADO,6,2026-06,0.0,2026-02-12 20:23:01
2698600,2698600,ACTUALIZADO,9,2026-09,0.0,2026-02-12 20:23:01
2698600,2698600,ACTUALIZADO,4,2026-04,1289.72,2026-02-12 20:23:01
2698600,2698600,ACTUALIZADO,8,2026-08,0.0,2026-02-12 20:23:01
2698600,2698600,ACTUALIZADO,2,2026-02,0.0,2026-02-12 20:23:01
2698600,2698600,ACTUALIZADO,7,2026-07,0.0,2026-02-12 20:23:01
2698600,2698600,ACTUALIZADO,3,2026-03,0.0,2026-02-12 20:23:01
2698600,2698600,ACTUALIZADO,10,2026-10,0.0,2026-02-12 20:23:01
2698600,2698600,ACTUALIZADO,12,2026-12,0.0,2026-02-12 20:23:01
2709847,2709847,ACTUALIZADO,9,2026-09,0.0,2026-02-27 17:44:43
2709847,2709847,ACTUALIZADO,10,2026-10,0.0,2026-02-27 17:44:43
2709847,2709847,ACTUALIZADO,6,2026-06,0.0,2026-02-27 17:44:43
2709847,2709847,ACTUALIZADO,1,2026-01,0.0,2026-02-27 17:44:43
2709847,2709847,ACTUALIZADO,4,2026-04,0.0,2026-02-27 17:44:43
2709847,2709847,ACTUALIZADO,8,2026-08,0.0,2026-02-27 17:44:43
2709847,2709847,ACTUALIZADO,2,2026-02,0.0,2026-02-27 17:44:43
2709847,2709847,ACTUALIZADO,3,2026-03,0.0,2026-02-27 17:44:43
2709847,2709847,ACTUALIZADO,12,2026-12,0.0,2026-02-27 17:44:43
2709847,2709847,ACTUALIZADO,5,2026-05,0.0,2026-02-27 17:44:43
2709847,2709847,ACTUALIZADO,7,2026-07,0.0,2026-02-27 17:44:43
2709847,2709847,ACTUALIZADO,11,2026-11,0.0,2026-02-27 17:44:43
2689758,2689758,ACTUALIZADO,1,2026-01,0.0,2026-02-20 21:37:30
2689758,2689758,ACTUALIZADO,3,2026-03,0.0,2026-02-20 21:37:30
2689758,2689758,ACTUALIZADO,11,2026-11,0.0,2026-02-20 21:37:30
2689758,2689758,ACTUALIZADO,5,2026-05,0.0,2026-02-20 21:37:30
2689758,2689758,ACTUALIZADO,10,2026-10,0.0,2026-02-20 21:37:30
2689758,2689758,ACTUALIZADO,2,2026-02,0.0,2026-02-20 21:37:30
2689758,2689758,ACTUALIZADO,8,2026-08,0.0,2026-02-20 21:37:30
2689758,2689758,ACTUALIZADO,4,2026-04,0.0,2026-02-20 21:37:30
2689758,2689758,ACTUALIZADO,12,2026-12,0.0,2026-02-20 21:37:30
2689758,2689758,ACTUALIZADO,6,2026-06,0.0,2026-02-20 21:37:30
2689758,2689758,ACTUALIZADO,7,2026-07,0.0,2026-02-20 21:37:30
2689758,2689758,ACTUALIZADO,9,2026-09,0.0,2026-02-20 21:37:30
2494818,2494818,ACTUALIZADO,7,2026-07,0.0,2026-02-27 04:01:58
2494818,2494818,ACTUALIZADO,6,2026-06,0.0,2026-02-27 04:01:58
2494818,2494818,ACTUALIZADO,9,2026-09,0.0,2026-02-27 04:01:58
2494818,2494818,ACTUALIZADO,3,2026-03,0.0,2026-02-27 04:01:58
2494818,2494818,ACTUALIZADO,1,2026-01,0.0,2026-02-27 04:01:58
2494818,2494818,ACTUALIZADO,5,2026-05,35000.0,2026-02-27 04:01:58
2494818,2494818,ACTUALIZADO,10,2026-10,0.0,2026-02-27 04:01:58
2494818,2494818,ACTUALIZADO,2,2026-02,0.0,2026-02-27 04:01:58
2494818,2494818,ACTUALIZADO,8,2026-08,0.0,2026-02-27 04:01:58
2494818,2494818,ACTUALIZADO,11,2026-11,0.0,2026-02-27 04:01:58
2494818,2494818,ACTUALIZADO,12,2026-12,0.0,2026-02-27 04:01:58
2494818,2494818,ACTUALIZADO,4,2026-04,0.0,2026-02-27 04:01:58
2076673,2076673,ACTUALIZADO,7,2026-07,0.0,2026-03-09 19:29:07
2076673,2076673,ACTUALIZADO,9,2026-09,0.0,2026-03-09 19:29:07
2076673,2076673,ACTUALIZADO,12,2026-12,0.0,2026-03-09 19:29:07
2076673,2076673,ACTUALIZADO,4,2026-04,6000.0,2026-03-09 19:29:07
2076673,2076673,ACTUALIZADO,5,2026-05,7672.14,2026-03-09 19:29:07
2076673,2076673,ACTUALIZADO,11,2026-11,0.0,2026-03-09 19:29:07
2076673,2076673,ACTUALIZADO,2,2026-02,0.0,2026-03-09 19:29:07
2076673,2076673,ACTUALIZADO,8,2026-08,0.0,2026-03-09 19:29:07
2076673,2076673,ACTUALIZADO,1,2026-01,0.0,2026-03-09 19:29:07
2076673,2076673,ACTUALIZADO,6,2026-06,0.0,2026-03-09 19:29:07
2076673,2076673,ACTUALIZADO,10,2026-10,0.0,2026-03-09 19:29:07
2076673,2076673,ACTUALIZADO,3,2026-03,0.0,2026-03-09 19:29:07
2526438,2526438,ACTUALIZADO,3,2026-03,0.0,2026-02-25 15:20:04
2526438,2526438,ACTUALIZADO,8,2026-08,0.0,2026-02-25 15:20:04
2526438,2526438,ACTUALIZADO,5,2026-05,0.0,2026-02-25 15:20:04
2526438,2526438,ACTUALIZADO,6,2026-06,0.0,2026-02-25 15:20:04
2526438,2526438,ACTUALIZADO,9,2026-09,0.0,2026-02-25 15:20:04
2526438,2526438,ACTUALIZADO,10,2026-10,0.0,2026-02-25 15:20:04
2526438,2526438,ACTUALIZADO,12,2026-12,0.0,2026-02-25 15:20:04
2526438,2526438,ACTUALIZADO,7,2026-07,0.0,2026-02-25 15:20:04
2526438,2526438,ACTUALIZADO,11,2026-11,0.0,2026-02-25 15:20:04
2526438,2526438,ACTUALIZADO,4,2026-04,0.0,2026-02-25 15:20:04
2526438,2526438,ACTUALIZADO,2,2026-02,0.0,2026-02-25 15:20:04
2526438,2526438,ACTUALIZADO,1,2026-01,0.0,2026-02-25 15:20:04
2589727,2589727,ACTUALIZADO,5,2026-05,0.0,2026-02-23 14:00:31
2589727,2589727,ACTUALIZADO,9,2026-09,0.0,2026-02-23 14:00:31
2589727,2589727,ACTUALIZADO,3,2026-03,60000.0,2026-02-23 14:00:31
2589727,2589727,ACTUALIZADO,11,2026-11,0.0,2026-02-23 14:00:31
2589727,2589727,ACTUALIZADO,7,2026-07,30000.0,2026-02-23 14:00:31
2589727,2589727,ACTUALIZADO,8,2026-08,0.0,2026-02-23 14:00:31
2589727,2589727,ACTUALIZADO,12,2026-12,562230.91,2026-02-23 14:00:31
2589727,2589727,ACTUALIZADO,6,2026-06,5000.0,2026-02-23 14:00:31
2589727,2589727,ACTUALIZADO,2,2026-02,0.0,2026-02-23 14:00:31
2589727,2589727,ACTUALIZADO,1,2026-01,0.0,2026-02-23 14:00:31
2589727,2589727,ACTUALIZADO,4,2026-04,0.0,2026-02-23 14:00:31
2589727,2589727,ACTUALIZADO,10,2026-10,0.0,2026-02-23 14:00:31
2632679,2632679,ACTUALIZADO,2,2026-02,0.0,2026-02-06 16:46:58
2632679,2632679,ACTUALIZADO,6,2026-06,0.0,2026-02-06 16:46:58
2632679,2632679,ACTUALIZADO,1,2026-01,0.0,2026-02-06 16:46:58
2632679,2632679,ACTUALIZADO,3,2026-03,0.0,2026-02-06 16:46:58
2632679,2632679,ACTUALIZADO,7,2026-07,0.0,2026-02-06 16:46:58
2632679,2632679,ACTUALIZADO,10,2026-10,0.0,2026-02-06 16:46:58
2632679,2632679,ACTUALIZADO,5,2026-05,0.0,2026-02-06 16:46:58
2632679,2632679,ACTUALIZADO,9,2026-09,0.0,2026-02-06 16:46:58
2632679,2632679,ACTUALIZADO,12,2026-12,0.0,2026-02-06 16:46:58
2632679,2632679,ACTUALIZADO,8,2026-08,0.0,2026-02-06 16:46:58
2632679,2632679,ACTUALIZADO,11,2026-11,0.0,2026-02-06 16:46:58
2632679,2632679,ACTUALIZADO,4,2026-04,0.0,2026-02-06 16:46:58
2386567,2386567,ACTUALIZADO,1,2026-01,1651317.0,2024-09-11 15:19:21
2386567,2386567,ACTUALIZADO,6,2026-06,477318.0,2024-09-11 15:19:21
2386567,2386567,ACTUALIZADO,10,2026-10,156770.0,2024-09-11 15:19:21
2386567,2386567,ACTUALIZADO,11,2026-11,138108.0,2024-09-11 15:19:21
2386567,2386567,ACTUALIZADO,3,2026-03,1866545.0,2024-09-11 15:19:21
2386567,2386567,ACTUALIZADO,4,2026-04,1079615.0,2024-09-11 15:19:21
2386567,2386567,ACTUALIZADO,5,2026-05,694412.0,2024-09-11 15:19:21
2386567,2386567,ACTUALIZADO,12,2026-12,59890.0,2024-09-11 15:19:21
2386567,2386567,ACTUALIZADO,2,2026-02,2010142.0,2024-09-11 15:19:21
2386567,2386567,ACTUALIZADO,7,2026-07,257356.0,2024-09-11 15:19:21
2386567,2386567,ACTUALIZADO,8,2026-08,496929.0,2024-09-11 15:19:21
2386567,2386567,ACTUALIZADO,9,2026-09,528365.0,2024-09-11 15:19:21
2586825,2586825,ACTUALIZADO,3,2026-03,98887.08,2026-02-12 21:44:30
2586825,2586825,ACTUALIZADO,2,2026-02,78495.08,2026-02-12 21:44:30
2586825,2586825,ACTUALIZADO,5,2026-05,93335.08,2026-02-12 21:44:30
2586825,2586825,ACTUALIZADO,1,2026-01,22897.72,2026-02-12 21:44:30
2586825,2586825,ACTUALIZADO,8,2026-08,195643.0,2026-02-12 21:44:30
2586825,2586825,ACTUALIZADO,12,2026-12,1217040.19,2026-02-12 21:44:30
2586825,2586825,ACTUALIZADO,7,2026-07,180526.0,2026-02-12 21:44:30
2586825,2586825,ACTUALIZADO,9,2026-09,150487.0,2026-02-12 21:44:30
2586825,2586825,ACTUALIZADO,10,2026-10,145369.0,2026-02-12 21:44:30
2586825,2586825,ACTUALIZADO,11,2026-11,196483.0,2026-02-12 21:44:30
2586825,2586825,ACTUALIZADO,4,2026-04,95335.08,2026-02-12 21:44:30
2586825,2586825,ACTUALIZADO,6,2026-06,87631.96,2026-02-12 21:44:30
2538556,2538556,ACTUALIZADO,4,2026-04,0.0,2024-10-09 21:36:15
2538556,2538556,ACTUALIZADO,12,2026-12,70734.34,2024-10-09 21:36:15
2538556,2538556,ACTUALIZADO,1,2026-01,0.0,2024-10-09 21:36:15
2538556,2538556,ACTUALIZADO,2,2026-02,0.0,2024-10-09 21:36:15
2538556,2538556,ACTUALIZADO,9,2026-09,0.0,2024-10-09 21:36:15
2538556,2538556,ACTUALIZADO,7,2026-07,0.0,2024-10-09 21:36:15
2538556,2538556,ACTUALIZADO,10,2026-10,0.0,2024-10-09 21:36:15
2538556,2538556,ACTUALIZADO,11,2026-11,0.0,2024-10-09 21:36:15
2538556,2538556,ACTUALIZADO,3,2026-03,0.0,2024-10-09 21:36:15
2538556,2538556,ACTUALIZADO,6,2026-06,0.0,2024-10-09 21:36:15
2538556,2538556,ACTUALIZADO,5,2026-05,0.0,2024-10-09 21:36:15
2538556,2538556,ACTUALIZADO,8,2026-08,0.0,2024-10-09 21:36:15
2606568,2606568,ACTUALIZADO,6,2026-06,0.0,2026-02-25 15:37:53
2606568,2606568,ACTUALIZADO,2,2026-02,0.0,2026-02-25 15:37:53
2606568,2606568,ACTUALIZADO,8,2026-08,0.0,2026-02-25 15:37:53
2606568,2606568,ACTUALIZADO,5,2026-05,0.0,2026-02-25 15:37:53
2606568,2606568,ACTUALIZADO,9,2026-09,0.0,2026-02-25 15:37:53
2606568,2606568,ACTUALIZADO,1,2026-01,0.0,2026-02-25 15:37:53
2606568,2606568,ACTUALIZADO,3,2026-03,0.0,2026-02-25 15:37:53
2606568,2606568,ACTUALIZADO,4,2026-04,0.0,2026-02-25 15:37:53
2606568,2606568,ACTUALIZADO,7,2026-07,0.0,2026-02-25 15:37:53
2606568,2606568,ACTUALIZADO,11,2026-11,160568.0,2026-02-25 15:37:53
2606568,2606568,ACTUALIZADO,12,2026-12,400316.75,2026-02-25 15:37:53
2606568,2606568,ACTUALIZADO,10,2026-10,0.0,2026-02-25 15:37:53
2656973,2656973,ACTUALIZADO,6,2026-06,553525.38,2026-03-25 16:51:10
2656973,2656973,ACTUALIZADO,8,2026-08,0.0,2026-03-25 16:51:10
2656973,2656973,ACTUALIZADO,4,2026-04,595525.38,2026-03-25 16:51:10
2656973,2656973,ACTUALIZADO,12,2026-12,0.0,2026-03-25 16:51:10
2656973,2656973,ACTUALIZADO,11,2026-11,0.0,2026-03-25 16:51:10
2656973,2656973,ACTUALIZADO,3,2026-03,0.0,2026-03-25 16:51:10
2656973,2656973,ACTUALIZADO,2,2026-02,0.0,2026-03-25 16:51:10
2656973,2656973,ACTUALIZADO,5,2026-05,553525.38,2026-03-25 16:51:10
2656973,2656973,ACTUALIZADO,9,2026-09,0.0,2026-03-25 16:51:10
2656973,2656973,ACTUALIZADO,10,2026-10,0.0,2026-03-25 16:51:10
2656973,2656973,ACTUALIZADO,1,2026-01,0.0,2026-03-25 16:51:10
2656973,2656973,ACTUALIZADO,7,2026-07,536255.67,2026-03-25 16:51:10
2593439,2593439,ACTUALIZADO,3,2026-03,0.0,2026-02-04 16:43:00
2593439,2593439,ACTUALIZADO,5,2026-05,0.0,2026-02-04 16:43:00
2593439,2593439,ACTUALIZADO,2,2026-02,0.0,2026-02-04 16:43:00
2593439,2593439,ACTUALIZADO,4,2026-04,0.0,2026-02-04 16:43:00
2593439,2593439,ACTUALIZADO,12,2026-12,0.0,2026-02-04 16:43:00
2593439,2593439,ACTUALIZADO,8,2026-08,0.0,2026-02-04 16:43:00
2593439,2593439,ACTUALIZADO,9,2026-09,0.0,2026-02-04 16:43:00
2593439,2593439,ACTUALIZADO,11,2026-11,0.0,2026-02-04 16:43:00
2593439,2593439,ACTUALIZADO,1,2026-01,0.0,2026-02-04 16:43:00
2593439,2593439,ACTUALIZADO,6,2026-06,0.0,2026-02-04 16:43:00
2593439,2593439,ACTUALIZADO,7,2026-07,0.0,2026-02-04 16:43:00
2593439,2593439,ACTUALIZADO,10,2026-10,0.0,2026-02-04 16:43:00
2540380,2540380,ACTUALIZADO,1,2026-01,0.0,2026-03-13 16:16:38
2540380,2540380,ACTUALIZADO,5,2026-05,106648.52,2026-03-13 16:16:38
2540380,2540380,ACTUALIZADO,10,2026-10,0.0,2026-03-13 16:16:38
2540380,2540380,ACTUALIZADO,11,2026-11,0.0,2026-03-13 16:16:38
2540380,2540380,ACTUALIZADO,12,2026-12,0.0,2026-03-13 16:16:38
2540380,2540380,ACTUALIZADO,4,2026-04,434849.06,2026-03-13 16:16:38
2540380,2540380,ACTUALIZADO,2,2026-02,0.0,2026-03-13 16:16:38
2540380,2540380,ACTUALIZADO,6,2026-06,49504.58,2026-03-13 16:16:38
2540380,2540380,ACTUALIZADO,7,2026-07,134200.01,2026-03-13 16:16:38
2540380,2540380,ACTUALIZADO,9,2026-09,0.0,2026-03-13 16:16:38
2540380,2540380,ACTUALIZADO,3,2026-03,381100.01,2026-03-13 16:16:38
2540380,2540380,ACTUALIZADO,8,2026-08,0.0,2026-03-13 16:16:38
2475326,2475326,ACTUALIZADO,7,2026-07,0.0,2026-02-25 21:01:31
2475326,2475326,ACTUALIZADO,10,2026-10,0.0,2026-02-25 21:01:31
2475326,2475326,ACTUALIZADO,11,2026-11,0.0,2026-02-25 21:01:31
2475326,2475326,ACTUALIZADO,2,2026-02,0.0,2026-02-25 21:01:31
2475326,2475326,ACTUALIZADO,3,2026-03,0.0,2026-02-25 21:01:31
2475326,2475326,ACTUALIZADO,5,2026-05,0.0,2026-02-25 21:01:31
2475326,2475326,ACTUALIZADO,6,2026-06,0.0,2026-02-25 21:01:31
2475326,2475326,ACTUALIZADO,9,2026-09,0.0,2026-02-25 21:01:31
2475326,2475326,ACTUALIZADO,4,2026-04,0.0,2026-02-25 21:01:31
2475326,2475326,ACTUALIZADO,8,2026-08,0.0,2026-02-25 21:01:31
2475326,2475326,ACTUALIZADO,1,2026-01,0.0,2026-02-25 21:01:31
2475326,2475326,ACTUALIZADO,12,2026-12,0.0,2026-02-25 21:01:31
2017492,2017492,ACTUALIZADO,1,2026-01,0.0,2026-03-13 17:12:32
2017492,2017492,ACTUALIZADO,3,2026-03,5000.0,2026-03-13 17:12:32
2017492,2017492,ACTUALIZADO,4,2026-04,8000.0,2026-03-13 17:12:32
2017492,2017492,ACTUALIZADO,7,2026-07,150000.0,2026-03-13 17:12:32
2017492,2017492,ACTUALIZADO,2,2026-02,3568.89,2026-03-13 17:12:32
2017492,2017492,ACTUALIZADO,6,2026-06,80000.0,2026-03-13 17:12:32
2017492,2017492,ACTUALIZADO,8,2026-08,350000.0,2026-03-13 17:12:32
2017492,2017492,ACTUALIZADO,9,2026-09,450000.0,2026-03-13 17:12:32
2017492,2017492,ACTUALIZADO,12,2026-12,1298431.11,2026-03-13 17:12:32
2017492,2017492,ACTUALIZADO,10,2026-10,750000.0,2026-03-13 17:12:32
2017492,2017492,ACTUALIZADO,11,2026-11,875000.0,2026-03-13 17:12:32
2017492,2017492,ACTUALIZADO,5,2026-05,30000.0,2026-03-13 17:12:32
2627199,2627199,ACTUALIZADO,1,2026-01,0.0,2026-02-25 05:36:06
2627199,2627199,ACTUALIZADO,6,2026-06,0.0,2026-02-25 05:36:06
2627199,2627199,ACTUALIZADO,4,2026-04,0.0,2026-02-25 05:36:06
2627199,2627199,ACTUALIZADO,5,2026-05,0.0,2026-02-25 05:36:06
2627199,2627199,ACTUALIZADO,11,2026-11,0.0,2026-02-25 05:36:06
2627199,2627199,ACTUALIZADO,12,2026-12,0.0,2026-02-25 05:36:06
2627199,2627199,ACTUALIZADO,2,2026-02,0.0,2026-02-25 05:36:06
2627199,2627199,ACTUALIZADO,3,2026-03,0.0,2026-02-25 05:36:06
2627199,2627199,ACTUALIZADO,7,2026-07,0.0,2026-02-25 05:36:06
2627199,2627199,ACTUALIZADO,8,2026-08,0.0,2026-02-25 05:36:06
2627199,2627199,ACTUALIZADO,10,2026-10,0.0,2026-02-25 05:36:06
2627199,2627199,ACTUALIZADO,9,2026-09,0.0,2026-02-25 05:36:06
2711150,2711150,ACTUALIZADO,2,2026-02,0.0,2026-02-11 17:51:06
2711150,2711150,ACTUALIZADO,12,2026-12,0.0,2026-02-11 17:51:06
2711150,2711150,ACTUALIZADO,6,2026-06,0.0,2026-02-11 17:51:06
2711150,2711150,ACTUALIZADO,7,2026-07,0.0,2026-02-11 17:51:06
2711150,2711150,ACTUALIZADO,3,2026-03,0.0,2026-02-11 17:51:06
2711150,2711150,ACTUALIZADO,9,2026-09,0.0,2026-02-11 17:51:06
2711150,2711150,ACTUALIZADO,8,2026-08,0.0,2026-02-11 17:51:06
2711150,2711150,ACTUALIZADO,5,2026-05,0.0,2026-02-11 17:51:06
2711150,2711150,ACTUALIZADO,10,2026-10,0.0,2026-02-11 17:51:06
2711150,2711150,ACTUALIZADO,11,2026-11,0.0,2026-02-11 17:51:06
2711150,2711150,ACTUALIZADO,1,2026-01,0.0,2026-02-11 17:51:06
2711150,2711150,ACTUALIZADO,4,2026-04,2542.26,2026-02-11 17:51:06
2458244,2458244,ACTUALIZADO,4,2026-04,30000.0,2026-02-18 16:36:06
2458244,2458244,ACTUALIZADO,5,2026-05,30000.0,2026-02-18 16:36:06
2458244,2458244,ACTUALIZADO,1,2026-01,0.0,2026-02-18 16:36:06
2458244,2458244,ACTUALIZADO,6,2026-06,30000.0,2026-02-18 16:36:06
2458244,2458244,ACTUALIZADO,10,2026-10,0.0,2026-02-18 16:36:06
2458244,2458244,ACTUALIZADO,3,2026-03,30000.0,2026-02-18 16:36:06
2458244,2458244,ACTUALIZADO,11,2026-11,0.0,2026-02-18 16:36:06
2458244,2458244,ACTUALIZADO,8,2026-08,0.0,2026-02-18 16:36:06
2458244,2458244,ACTUALIZADO,12,2026-12,0.0,2026-02-18 16:36:06
2458244,2458244,ACTUALIZADO,7,2026-07,17653.84,2026-02-18 16:36:06
2458244,2458244,ACTUALIZADO,2,2026-02,60000.0,2026-02-18 16:36:06
2458244,2458244,ACTUALIZADO,9,2026-09,0.0,2026-02-18 16:36:06
2368594,2368594,ACTUALIZADO,12,2026-12,0.0,2026-02-17 18:35:56
2368594,2368594,ACTUALIZADO,5,2026-05,0.0,2026-02-17 18:35:56
2368594,2368594,ACTUALIZADO,7,2026-07,50000.0,2026-02-17 18:35:56
2368594,2368594,ACTUALIZADO,1,2026-01,0.0,2026-02-17 18:35:56
2368594,2368594,ACTUALIZADO,4,2026-04,0.0,2026-02-17 18:35:56
2368594,2368594,ACTUALIZADO,11,2026-11,0.0,2026-02-17 18:35:56
2368594,2368594,ACTUALIZADO,8,2026-08,0.0,2026-02-17 18:35:56
2368594,2368594,ACTUALIZADO,2,2026-02,0.0,2026-02-17 18:35:56
2368594,2368594,ACTUALIZADO,6,2026-06,0.0,2026-02-17 18:35:56
2368594,2368594,ACTUALIZADO,9,2026-09,0.0,2026-02-17 18:35:56
2368594,2368594,ACTUALIZADO,3,2026-03,0.0,2026-02-17 18:35:56
2368594,2368594,ACTUALIZADO,10,2026-10,0.0,2026-02-17 18:35:56
2646140,2646140,ACTUALIZADO,10,2026-10,0.0,2026-02-20 21:12:01
2646140,2646140,ACTUALIZADO,6,2026-06,200000.0,2026-02-20 21:12:01
2646140,2646140,ACTUALIZADO,8,2026-08,10.54,2026-02-20 21:12:01
2646140,2646140,ACTUALIZADO,9,2026-09,0.0,2026-02-20 21:12:01
2646140,2646140,ACTUALIZADO,7,2026-07,83259.0,2026-02-20 21:12:01
2646140,2646140,ACTUALIZADO,5,2026-05,1000000.0,2026-02-20 21:12:01
2646140,2646140,ACTUALIZADO,4,2026-04,0.0,2026-02-20 21:12:01
2646140,2646140,ACTUALIZADO,12,2026-12,0.0,2026-02-20 21:12:01
2646140,2646140,ACTUALIZADO,3,2026-03,1000000.0,2026-02-20 21:12:01
2646140,2646140,ACTUALIZADO,1,2026-01,0.0,2026-02-20 21:12:01
2646140,2646140,ACTUALIZADO,11,2026-11,0.0,2026-02-20 21:12:01
2646140,2646140,ACTUALIZADO,2,2026-02,100000.0,2026-02-20 21:12:01
2715358,2715358,ACTUALIZADO,2,2026-02,0.0,2026-02-26 18:02:27
2715358,2715358,ACTUALIZADO,4,2026-04,0.0,2026-02-26 18:02:27
2715358,2715358,ACTUALIZADO,6,2026-06,0.0,2026-02-26 18:02:27
2715358,2715358,ACTUALIZADO,7,2026-07,0.0,2026-02-26 18:02:27
2715358,2715358,ACTUALIZADO,12,2026-12,0.0,2026-02-26 18:02:27
2715358,2715358,ACTUALIZADO,1,2026-01,0.0,2026-02-26 18:02:27
2715358,2715358,ACTUALIZADO,3,2026-03,0.0,2026-02-26 18:02:27
2715358,2715358,ACTUALIZADO,9,2026-09,0.0,2026-02-26 18:02:27
2715358,2715358,ACTUALIZADO,11,2026-11,0.0,2026-02-26 18:02:27
2715358,2715358,ACTUALIZADO,5,2026-05,0.0,2026-02-26 18:02:27
2715358,2715358,ACTUALIZADO,10,2026-10,0.0,2026-02-26 18:02:27
2715358,2715358,ACTUALIZADO,8,2026-08,0.0,2026-02-26 18:02:27
2620991,2620991,ACTUALIZADO,9,2026-09,15705.08,2026-03-17 15:37:40
2620991,2620991,ACTUALIZADO,10,2026-10,0.0,2026-03-17 15:37:40
2620991,2620991,ACTUALIZADO,2,2026-02,225142.51,2026-03-17 15:37:40
2620991,2620991,ACTUALIZADO,8,2026-08,231105.08,2026-03-17 15:37:40
2620991,2620991,ACTUALIZADO,4,2026-04,27102.08,2026-03-17 15:37:40
2620991,2620991,ACTUALIZADO,3,2026-03,37265.08,2026-03-17 15:37:40
2620991,2620991,ACTUALIZADO,11,2026-11,0.0,2026-03-17 15:37:40
2620991,2620991,ACTUALIZADO,12,2026-12,1072280.81,2026-03-17 15:37:40
2620991,2620991,ACTUALIZADO,5,2026-05,171705.08,2026-03-17 15:37:40
2620991,2620991,ACTUALIZADO,7,2026-07,81060.08,2026-03-17 15:37:40
2620991,2620991,ACTUALIZADO,1,2026-01,43233.08,2026-03-17 15:37:40
2620991,2620991,ACTUALIZADO,6,2026-06,56725.08,2026-03-17 15:37:40
2707541,2707541,ACTUALIZADO,2,2026-02,0.0,2026-02-16 14:10:25
2707541,2707541,ACTUALIZADO,7,2026-07,0.0,2026-02-16 14:10:25
2707541,2707541,ACTUALIZADO,8,2026-08,0.0,2026-02-16 14:10:25
2707541,2707541,ACTUALIZADO,10,2026-10,19200.0,2026-02-16 14:10:25
2707541,2707541,ACTUALIZADO,3,2026-03,0.0,2026-02-16 14:10:25
2707541,2707541,ACTUALIZADO,6,2026-06,0.0,2026-02-16 14:10:25
2707541,2707541,ACTUALIZADO,5,2026-05,0.0,2026-02-16 14:10:25
2707541,2707541,ACTUALIZADO,4,2026-04,0.0,2026-02-16 14:10:25
2707541,2707541,ACTUALIZADO,9,2026-09,14400.0,2026-02-16 14:10:25
2707541,2707541,ACTUALIZADO,1,2026-01,0.0,2026-02-16 14:10:25
2707541,2707541,ACTUALIZADO,12,2026-12,0.0,2026-02-16 14:10:25
2707541,2707541,ACTUALIZADO,11,2026-11,14400.0,2026-02-16 14:10:25
2685336,2685336,ACTUALIZADO,1,2026-01,0.0,2026-02-25 03:43:54
2685336,2685336,ACTUALIZADO,6,2026-06,89209.22,2026-02-25 03:43:54
2685336,2685336,ACTUALIZADO,3,2026-03,20000.0,2026-02-25 03:43:54
2685336,2685336,ACTUALIZADO,7,2026-07,50000.0,2026-02-25 03:43:54
2685336,2685336,ACTUALIZADO,2,2026-02,0.0,2026-02-25 03:43:54
2685336,2685336,ACTUALIZADO,8,2026-08,0.0,2026-02-25 03:43:54
2685336,2685336,ACTUALIZADO,11,2026-11,0.0,2026-02-25 03:43:54
2685336,2685336,ACTUALIZADO,4,2026-04,20000.0,2026-02-25 03:43:54
2685336,2685336,ACTUALIZADO,5,2026-05,20000.0,2026-02-25 03:43:54
2685336,2685336,ACTUALIZADO,9,2026-09,0.0,2026-02-25 03:43:54
2685336,2685336,ACTUALIZADO,10,2026-10,0.0,2026-02-25 03:43:54
2685336,2685336,ACTUALIZADO,12,2026-12,20000.0,2026-02-25 03:43:54
2658639,2658639,ACTUALIZADO,5,2026-05,35000.0,2026-02-26 17:25:55
2658639,2658639,ACTUALIZADO,11,2026-11,0.0,2026-02-26 17:25:55
2658639,2658639,ACTUALIZADO,1,2026-01,0.0,2026-02-26 17:25:55
2658639,2658639,ACTUALIZADO,4,2026-04,0.0,2026-02-26 17:25:55
2658639,2658639,ACTUALIZADO,9,2026-09,0.0,2026-02-26 17:25:55
2658639,2658639,ACTUALIZADO,6,2026-06,0.0,2026-02-26 17:25:55
2658639,2658639,ACTUALIZADO,12,2026-12,0.0,2026-02-26 17:25:55
2658639,2658639,ACTUALIZADO,7,2026-07,0.0,2026-02-26 17:25:55
2658639,2658639,ACTUALIZADO,8,2026-08,0.0,2026-02-26 17:25:55
2658639,2658639,ACTUALIZADO,10,2026-10,0.0,2026-02-26 17:25:55
2658639,2658639,ACTUALIZADO,2,2026-02,0.0,2026-02-26 17:25:55
2658639,2658639,ACTUALIZADO,3,2026-03,0.0,2026-02-26 17:25:55
2500094,2500094,ACTUALIZADO,3,2026-03,14199801.65,2026-03-18 17:00:37
2500094,2500094,ACTUALIZADO,4,2026-04,6829355.15,2026-03-18 17:00:37
2500094,2500094,ACTUALIZADO,2,2026-02,1748091.54,2026-03-18 17:00:37
2500094,2500094,ACTUALIZADO,7,2026-07,6000000.0,2026-03-18 17:00:37
2500094,2500094,ACTUALIZADO,8,2026-08,6000000.0,2026-03-18 17:00:37
2500094,2500094,ACTUALIZADO,1,2026-01,29058989.67,2026-03-18 17:00:37
2500094,2500094,ACTUALIZADO,5,2026-05,6000000.0,2026-03-18 17:00:37
2500094,2500094,ACTUALIZADO,10,2026-10,6000000.0,2026-03-18 17:00:37
2500094,2500094,ACTUALIZADO,12,2026-12,6000000.0,2026-03-18 17:00:37
2500094,2500094,ACTUALIZADO,6,2026-06,6000000.0,2026-03-18 17:00:37
2500094,2500094,ACTUALIZADO,9,2026-09,6000000.0,2026-03-18 17:00:37
2500094,2500094,ACTUALIZADO,11,2026-11,6000000.0,2026-03-18 17:00:37
2512456,2512456,ACTUALIZADO,4,2026-04,0.0,2026-02-11 19:53:12
2512456,2512456,ACTUALIZADO,7,2026-07,0.0,2026-02-11 19:53:12
2512456,2512456,ACTUALIZADO,3,2026-03,0.0,2026-02-11 19:53:12
2512456,2512456,ACTUALIZADO,9,2026-09,0.0,2026-02-11 19:53:12
2512456,2512456,ACTUALIZADO,6,2026-06,0.0,2026-02-11 19:53:12
2512456,2512456,ACTUALIZADO,11,2026-11,0.0,2026-02-11 19:53:12
2512456,2512456,ACTUALIZADO,2,2026-02,0.0,2026-02-11 19:53:12
2512456,2512456,ACTUALIZADO,10,2026-10,0.0,2026-02-11 19:53:12
2512456,2512456,ACTUALIZADO,1,2026-01,0.0,2026-02-11 19:53:12
2512456,2512456,ACTUALIZADO,8,2026-08,0.0,2026-02-11 19:53:12
2512456,2512456,ACTUALIZADO,12,2026-12,0.0,2026-02-11 19:53:12
2512456,2512456,ACTUALIZADO,5,2026-05,0.0,2026-02-11 19:53:12
2623126,2623126,ACTUALIZADO,1,2026-01,0.0,2026-03-26 17:08:25
2623126,2623126,ACTUALIZADO,2,2026-02,0.0,2026-03-26 17:08:25
2623126,2623126,ACTUALIZADO,6,2026-06,0.0,2026-03-26 17:08:25
2623126,2623126,ACTUALIZADO,12,2026-12,0.0,2026-03-26 17:08:25
2623126,2623126,ACTUALIZADO,7,2026-07,115699.33,2026-03-26 17:08:25
2623126,2623126,ACTUALIZADO,8,2026-08,115699.33,2026-03-26 17:08:25
2623126,2623126,ACTUALIZADO,9,2026-09,115699.34,2026-03-26 17:08:25
2623126,2623126,ACTUALIZADO,3,2026-03,0.0,2026-03-26 17:08:25
2623126,2623126,ACTUALIZADO,10,2026-10,0.0,2026-03-26 17:08:25
2623126,2623126,ACTUALIZADO,4,2026-04,0.0,2026-03-26 17:08:25
2623126,2623126,ACTUALIZADO,5,2026-05,0.0,2026-03-26 17:08:25
2623126,2623126,ACTUALIZADO,11,2026-11,0.0,2026-03-26 17:08:25
2703163,2703163,ACTUALIZADO,4,2026-04,15000.0,2026-02-24 22:24:45
2703163,2703163,ACTUALIZADO,10,2026-10,0.0,2026-02-24 22:24:45
2703163,2703163,ACTUALIZADO,12,2026-12,0.0,2026-02-24 22:24:45
2703163,2703163,ACTUALIZADO,9,2026-09,0.0,2026-02-24 22:24:45
2703163,2703163,ACTUALIZADO,1,2026-01,0.0,2026-02-24 22:24:45
2703163,2703163,ACTUALIZADO,3,2026-03,0.0,2026-02-24 22:24:45
2703163,2703163,ACTUALIZADO,7,2026-07,0.0,2026-02-24 22:24:45
2703163,2703163,ACTUALIZADO,5,2026-05,26000.0,2026-02-24 22:24:45
2703163,2703163,ACTUALIZADO,8,2026-08,0.0,2026-02-24 22:24:45
2703163,2703163,ACTUALIZADO,11,2026-11,0.0,2026-02-24 22:24:45
2703163,2703163,ACTUALIZADO,6,2026-06,0.0,2026-02-24 22:24:45
2703163,2703163,ACTUALIZADO,2,2026-02,0.0,2026-02-24 22:24:45
2630438,2630438,ACTUALIZADO,3,2026-03,500000.0,2026-02-23 17:58:44
2630438,2630438,ACTUALIZADO,4,2026-04,500000.0,2026-02-23 17:58:44
2630438,2630438,ACTUALIZADO,5,2026-05,500000.0,2026-02-23 17:58:44
2630438,2630438,ACTUALIZADO,9,2026-09,500000.0,2026-02-23 17:58:44
2630438,2630438,ACTUALIZADO,10,2026-10,1000000.0,2026-02-23 17:58:44
2630438,2630438,ACTUALIZADO,7,2026-07,500000.0,2026-02-23 17:58:44
2630438,2630438,ACTUALIZADO,8,2026-08,500000.0,2026-02-23 17:58:44
2630438,2630438,ACTUALIZADO,1,2026-01,500000.0,2026-02-23 17:58:44
2630438,2630438,ACTUALIZADO,11,2026-11,796816.85,2026-02-23 17:58:44
2630438,2630438,ACTUALIZADO,2,2026-02,500000.0,2026-02-23 17:58:44
2630438,2630438,ACTUALIZADO,12,2026-12,450000.0,2026-02-23 17:58:44
2630438,2630438,ACTUALIZADO,6,2026-06,500000.0,2026-02-23 17:58:44
2511164,2511164,ACTUALIZADO,5,2026-05,0.0,2026-02-08 04:29:16
2511164,2511164,ACTUALIZADO,8,2026-08,0.0,2026-02-08 04:29:16
2511164,2511164,ACTUALIZADO,7,2026-07,0.0,2026-02-08 04:29:16
2511164,2511164,ACTUALIZADO,2,2026-02,0.0,2026-02-08 04:29:16
2511164,2511164,ACTUALIZADO,4,2026-04,0.0,2026-02-08 04:29:16
2511164,2511164,ACTUALIZADO,10,2026-10,0.0,2026-02-08 04:29:16
2511164,2511164,ACTUALIZADO,6,2026-06,0.0,2026-02-08 04:29:16
2511164,2511164,ACTUALIZADO,1,2026-01,0.0,2026-02-08 04:29:16
2511164,2511164,ACTUALIZADO,3,2026-03,0.0,2026-02-08 04:29:16
2511164,2511164,ACTUALIZADO,11,2026-11,0.0,2026-02-08 04:29:16
2511164,2511164,ACTUALIZADO,9,2026-09,0.0,2026-02-08 04:29:16
2511164,2511164,ACTUALIZADO,12,2026-12,0.0,2026-02-08 04:29:16
2050549,2050549,ACTUALIZADO,7,2026-07,0.0,2026-01-05 13:52:08
2050549,2050549,ACTUALIZADO,12,2026-12,0.0,2026-01-05 13:52:08
2050549,2050549,ACTUALIZADO,5,2026-05,0.0,2026-01-05 13:52:08
2050549,2050549,ACTUALIZADO,6,2026-06,0.0,2026-01-05 13:52:08
2050549,2050549,ACTUALIZADO,4,2026-04,0.0,2026-01-05 13:52:08
2050549,2050549,ACTUALIZADO,9,2026-09,0.0,2026-01-05 13:52:08
2050549,2050549,ACTUALIZADO,10,2026-10,0.0,2026-01-05 13:52:08
2050549,2050549,ACTUALIZADO,1,2026-01,0.0,2026-01-05 13:52:08
2050549,2050549,ACTUALIZADO,8,2026-08,0.0,2026-01-05 13:52:08
2050549,2050549,ACTUALIZADO,2,2026-02,0.0,2026-01-05 13:52:08
2050549,2050549,ACTUALIZADO,11,2026-11,0.0,2026-01-05 13:52:08
2050549,2050549,ACTUALIZADO,3,2026-03,0.0,2026-01-05 13:52:08
2709836,2709836,ACTUALIZADO,7,2026-07,750000.0,2026-02-18 22:48:36
2709836,2709836,ACTUALIZADO,9,2026-09,1000000.0,2026-02-18 22:48:36
2709836,2709836,ACTUALIZADO,11,2026-11,625000.0,2026-02-18 22:48:36
2709836,2709836,ACTUALIZADO,2,2026-02,0.0,2026-02-18 22:48:36
2709836,2709836,ACTUALIZADO,6,2026-06,625000.0,2026-02-18 22:48:36
2709836,2709836,ACTUALIZADO,8,2026-08,1000000.0,2026-02-18 22:48:36
2709836,2709836,ACTUALIZADO,3,2026-03,0.0,2026-02-18 22:48:36
2709836,2709836,ACTUALIZADO,4,2026-04,1857060.47,2026-02-18 22:48:36
2709836,2709836,ACTUALIZADO,12,2026-12,500000.0,2026-02-18 22:48:36
2709836,2709836,ACTUALIZADO,1,2026-01,0.0,2026-02-18 22:48:36
2709836,2709836,ACTUALIZADO,5,2026-05,1468428.53,2026-02-18 22:48:36
2709836,2709836,ACTUALIZADO,10,2026-10,875000.0,2026-02-18 22:48:36
2248739,2248739,ACTUALIZADO,12,2026-12,370624.18,2026-02-13 16:34:37
2248739,2248739,ACTUALIZADO,6,2026-06,0.0,2026-02-13 16:34:37
2248739,2248739,ACTUALIZADO,7,2026-07,0.0,2026-02-13 16:34:37
2248739,2248739,ACTUALIZADO,1,2026-01,0.0,2026-02-13 16:34:37
2248739,2248739,ACTUALIZADO,3,2026-03,0.0,2026-02-13 16:34:37
2248739,2248739,ACTUALIZADO,4,2026-04,38000.0,2026-02-13 16:34:37
2248739,2248739,ACTUALIZADO,9,2026-09,0.0,2026-02-13 16:34:37
2248739,2248739,ACTUALIZADO,10,2026-10,542105.0,2026-02-13 16:34:37
2248739,2248739,ACTUALIZADO,11,2026-11,1420152.0,2026-02-13 16:34:37
2248739,2248739,ACTUALIZADO,2,2026-02,0.0,2026-02-13 16:34:37
2248739,2248739,ACTUALIZADO,5,2026-05,0.0,2026-02-13 16:34:37
2248739,2248739,ACTUALIZADO,8,2026-08,0.0,2026-02-13 16:34:37
2574298,2574298,ACTUALIZADO,7,2026-07,0.0,2026-03-21 00:06:15
2574298,2574298,ACTUALIZADO,8,2026-08,0.0,2026-03-21 00:06:15
2574298,2574298,ACTUALIZADO,9,2026-09,0.0,2026-03-21 00:06:15
2574298,2574298,ACTUALIZADO,3,2026-03,1974990.4,2026-03-21 00:06:15
2574298,2574298,ACTUALIZADO,10,2026-10,0.0,2026-03-21 00:06:15
2574298,2574298,ACTUALIZADO,12,2026-12,0.0,2026-03-21 00:06:15
2574298,2574298,ACTUALIZADO,2,2026-02,759455.01,2026-03-21 00:06:15
2574298,2574298,ACTUALIZADO,1,2026-01,434744.42,2026-03-21 00:06:15
2574298,2574298,ACTUALIZADO,5,2026-05,0.0,2026-03-21 00:06:15
2574298,2574298,ACTUALIZADO,6,2026-06,0.0,2026-03-21 00:06:15
2574298,2574298,ACTUALIZADO,11,2026-11,0.0,2026-03-21 00:06:15
2574298,2574298,ACTUALIZADO,4,2026-04,870208.17,2026-03-21 00:06:15
2652079,2652079,ACTUALIZADO,1,2026-01,0.0,2026-04-01 03:47:52
2652079,2652079,ACTUALIZADO,4,2026-04,0.0,2026-04-01 03:47:52
2652079,2652079,ACTUALIZADO,2,2026-02,0.0,2026-04-01 03:47:52
2652079,2652079,ACTUALIZADO,8,2026-08,804438.0,2026-04-01 03:47:52
2652079,2652079,ACTUALIZADO,11,2026-11,457317.0,2026-04-01 03:47:52
2652079,2652079,ACTUALIZADO,12,2026-12,421854.0,2026-04-01 03:47:52
2652079,2652079,ACTUALIZADO,3,2026-03,0.0,2026-04-01 03:47:52
2652079,2652079,ACTUALIZADO,6,2026-06,904879.0,2026-04-01 03:47:52
2652079,2652079,ACTUALIZADO,5,2026-05,822617.0,2026-04-01 03:47:52
2652079,2652079,ACTUALIZADO,9,2026-09,204394.0,2026-04-01 03:47:52
2652079,2652079,ACTUALIZADO,7,2026-07,995367.0,2026-04-01 03:47:52
2652079,2652079,ACTUALIZADO,10,2026-10,324833.0,2026-04-01 03:47:52
2709403,2709403,ACTUALIZADO,5,2026-05,0.0,2026-01-18 23:18:31
2709403,2709403,ACTUALIZADO,6,2026-06,0.0,2026-01-18 23:18:31
2709403,2709403,ACTUALIZADO,1,2026-01,0.0,2026-01-18 23:18:31
2709403,2709403,ACTUALIZADO,3,2026-03,0.0,2026-01-18 23:18:31
2709403,2709403,ACTUALIZADO,4,2026-04,0.0,2026-01-18 23:18:31
2709403,2709403,ACTUALIZADO,9,2026-09,0.0,2026-01-18 23:18:31
2709403,2709403,ACTUALIZADO,7,2026-07,0.0,2026-01-18 23:18:31
2709403,2709403,ACTUALIZADO,10,2026-10,0.0,2026-01-18 23:18:31
2709403,2709403,ACTUALIZADO,12,2026-12,0.0,2026-01-18 23:18:31
2709403,2709403,ACTUALIZADO,11,2026-11,0.0,2026-01-18 23:18:31
2709403,2709403,ACTUALIZADO,2,2026-02,0.0,2026-01-18 23:18:31
2709403,2709403,ACTUALIZADO,8,2026-08,0.0,2026-01-18 23:18:31
2485439,2485439,ACTUALIZADO,2,2026-02,0.0,2026-02-20 20:44:01
2485439,2485439,ACTUALIZADO,10,2026-10,0.0,2026-02-20 20:44:01
2485439,2485439,ACTUALIZADO,1,2026-01,0.0,2026-02-20 20:44:01
2485439,2485439,ACTUALIZADO,4,2026-04,0.0,2026-02-20 20:44:01
2485439,2485439,ACTUALIZADO,5,2026-05,0.0,2026-02-20 20:44:01
2485439,2485439,ACTUALIZADO,11,2026-11,0.0,2026-02-20 20:44:01
2485439,2485439,ACTUALIZADO,3,2026-03,0.0,2026-02-20 20:44:01
2485439,2485439,ACTUALIZADO,6,2026-06,0.0,2026-02-20 20:44:01
2485439,2485439,ACTUALIZADO,12,2026-12,0.0,2026-02-20 20:44:01
2485439,2485439,ACTUALIZADO,9,2026-09,0.0,2026-02-20 20:44:01
2485439,2485439,ACTUALIZADO,7,2026-07,0.0,2026-02-20 20:44:01
2485439,2485439,ACTUALIZADO,8,2026-08,0.0,2026-02-20 20:44:01
2701145,2701145,ACTUALIZADO,2,2026-02,0.0,2026-03-06 17:59:14
2701145,2701145,ACTUALIZADO,8,2026-08,79544.83,2026-03-06 17:59:14
2701145,2701145,ACTUALIZADO,9,2026-09,0.0,2026-03-06 17:59:14
2701145,2701145,ACTUALIZADO,10,2026-10,0.0,2026-03-06 17:59:14
2701145,2701145,ACTUALIZADO,4,2026-04,0.0,2026-03-06 17:59:14
2701145,2701145,ACTUALIZADO,1,2026-01,0.0,2026-03-06 17:59:14
2701145,2701145,ACTUALIZADO,6,2026-06,568781.35,2026-03-06 17:59:14
2701145,2701145,ACTUALIZADO,12,2026-12,0.0,2026-03-06 17:59:14
2701145,2701145,ACTUALIZADO,5,2026-05,140104.66,2026-03-06 17:59:14
2701145,2701145,ACTUALIZADO,3,2026-03,0.0,2026-03-06 17:59:14
2701145,2701145,ACTUALIZADO,7,2026-07,677594.16,2026-03-06 17:59:14
2701145,2701145,ACTUALIZADO,11,2026-11,0.0,2026-03-06 17:59:14
2703092,2703092,ACTUALIZADO,6,2026-06,0.0,2026-02-24 20:47:37
2703092,2703092,ACTUALIZADO,5,2026-05,0.0,2026-02-24 20:47:37
2703092,2703092,ACTUALIZADO,10,2026-10,0.0,2026-02-24 20:47:37
2703092,2703092,ACTUALIZADO,12,2026-12,0.0,2026-02-24 20:47:37
2703092,2703092,ACTUALIZADO,3,2026-03,0.0,2026-02-24 20:47:37
2703092,2703092,ACTUALIZADO,4,2026-04,0.0,2026-02-24 20:47:37
2703092,2703092,ACTUALIZADO,11,2026-11,0.0,2026-02-24 20:47:37
2703092,2703092,ACTUALIZADO,7,2026-07,23076.27,2026-02-24 20:47:37
2703092,2703092,ACTUALIZADO,8,2026-08,0.0,2026-02-24 20:47:37
2703092,2703092,ACTUALIZADO,9,2026-09,0.0,2026-02-24 20:47:37
2703092,2703092,ACTUALIZADO,1,2026-01,0.0,2026-02-24 20:47:37
2703092,2703092,ACTUALIZADO,2,2026-02,0.0,2026-02-24 20:47:37
2665682,2665682,ACTUALIZADO,12,2026-12,0.0,2026-02-13 18:07:56
2665682,2665682,ACTUALIZADO,2,2026-02,0.0,2026-02-13 18:07:56
2665682,2665682,ACTUALIZADO,3,2026-03,0.0,2026-02-13 18:07:56
2665682,2665682,ACTUALIZADO,9,2026-09,0.0,2026-02-13 18:07:56
2665682,2665682,ACTUALIZADO,11,2026-11,0.0,2026-02-13 18:07:56
2665682,2665682,ACTUALIZADO,8,2026-08,0.0,2026-02-13 18:07:56
2665682,2665682,ACTUALIZADO,1,2026-01,0.0,2026-02-13 18:07:56
2665682,2665682,ACTUALIZADO,5,2026-05,0.0,2026-02-13 18:07:56
2665682,2665682,ACTUALIZADO,10,2026-10,0.0,2026-02-13 18:07:56
2665682,2665682,ACTUALIZADO,6,2026-06,0.0,2026-02-13 18:07:56
2665682,2665682,ACTUALIZADO,7,2026-07,0.0,2026-02-13 18:07:56
2665682,2665682,ACTUALIZADO,4,2026-04,0.0,2026-02-13 18:07:56
2459491,2459491,ACTUALIZADO,10,2026-10,0.0,2026-02-18 21:53:45
2459491,2459491,ACTUALIZADO,2,2026-02,0.0,2026-02-18 21:53:45
2459491,2459491,ACTUALIZADO,8,2026-08,0.0,2026-02-18 21:53:45
2459491,2459491,ACTUALIZADO,12,2026-12,0.0,2026-02-18 21:53:45
2459491,2459491,ACTUALIZADO,5,2026-05,0.0,2026-02-18 21:53:45
2459491,2459491,ACTUALIZADO,7,2026-07,0.0,2026-02-18 21:53:45
2459491,2459491,ACTUALIZADO,11,2026-11,0.0,2026-02-18 21:53:45
2459491,2459491,ACTUALIZADO,4,2026-04,0.0,2026-02-18 21:53:45
2459491,2459491,ACTUALIZADO,1,2026-01,0.0,2026-02-18 21:53:45
2459491,2459491,ACTUALIZADO,6,2026-06,0.0,2026-02-18 21:53:45
2459491,2459491,ACTUALIZADO,9,2026-09,0.0,2026-02-18 21:53:45
2459491,2459491,ACTUALIZADO,3,2026-03,0.0,2026-02-18 21:53:45
2599360,2599360,ACTUALIZADO,1,2026-01,0.0,2026-02-09 20:17:54
2599360,2599360,ACTUALIZADO,2,2026-02,0.0,2026-02-09 20:17:54
2599360,2599360,ACTUALIZADO,7,2026-07,1671456.53,2026-02-09 20:17:54
2599360,2599360,ACTUALIZADO,12,2026-12,0.0,2026-02-09 20:17:54
2599360,2599360,ACTUALIZADO,6,2026-06,1247686.18,2026-02-09 20:17:54
2599360,2599360,ACTUALIZADO,9,2026-09,770760.93,2026-02-09 20:17:54
2599360,2599360,ACTUALIZADO,11,2026-11,0.0,2026-02-09 20:17:54
2599360,2599360,ACTUALIZADO,8,2026-08,1817913.6,2026-02-09 20:17:54
2599360,2599360,ACTUALIZADO,3,2026-03,0.0,2026-02-09 20:17:54
2599360,2599360,ACTUALIZADO,4,2026-04,508569.0,2026-02-09 20:17:54
2599360,2599360,ACTUALIZADO,5,2026-05,1180595.18,2026-02-09 20:17:54
2599360,2599360,ACTUALIZADO,10,2026-10,0.0,2026-02-09 20:17:54
2458392,2458392,ACTUALIZADO,6,2026-06,0.0,2026-02-06 14:26:35
2458392,2458392,ACTUALIZADO,7,2026-07,0.0,2026-02-06 14:26:35
2458392,2458392,ACTUALIZADO,4,2026-04,12822.92,2026-02-06 14:26:35
2458392,2458392,ACTUALIZADO,5,2026-05,0.0,2026-02-06 14:26:35
2458392,2458392,ACTUALIZADO,12,2026-12,0.0,2026-02-06 14:26:35
2458392,2458392,ACTUALIZADO,2,2026-02,0.0,2026-02-06 14:26:35
2458392,2458392,ACTUALIZADO,3,2026-03,0.0,2026-02-06 14:26:35
2458392,2458392,ACTUALIZADO,9,2026-09,0.0,2026-02-06 14:26:35
2458392,2458392,ACTUALIZADO,8,2026-08,0.0,2026-02-06 14:26:35
2458392,2458392,ACTUALIZADO,1,2026-01,0.0,2026-02-06 14:26:35
2458392,2458392,ACTUALIZADO,10,2026-10,0.0,2026-02-06 14:26:35
2458392,2458392,ACTUALIZADO,11,2026-11,0.0,2026-02-06 14:26:35
2642511,2642511,ACTUALIZADO,6,2026-06,0.0,2026-03-09 22:41:14
2642511,2642511,ACTUALIZADO,2,2026-02,0.0,2026-03-09 22:41:14
2642511,2642511,ACTUALIZADO,5,2026-05,0.0,2026-03-09 22:41:14
2642511,2642511,ACTUALIZADO,11,2026-11,0.0,2026-03-09 22:41:14
2642511,2642511,ACTUALIZADO,1,2026-01,0.0,2026-03-09 22:41:14
2642511,2642511,ACTUALIZADO,3,2026-03,0.0,2026-03-09 22:41:14
2642511,2642511,ACTUALIZADO,7,2026-07,336888.87,2026-03-09 22:41:14
2642511,2642511,ACTUALIZADO,8,2026-08,336888.87,2026-03-09 22:41:14
2642511,2642511,ACTUALIZADO,9,2026-09,336888.86,2026-03-09 22:41:14
2642511,2642511,ACTUALIZADO,4,2026-04,0.0,2026-03-09 22:41:14
2642511,2642511,ACTUALIZADO,10,2026-10,0.0,2026-03-09 22:41:14
2642511,2642511,ACTUALIZADO,12,2026-12,0.0,2026-03-09 22:41:14
2341212,2341212,ACTUALIZADO,3,2026-03,0.0,2026-02-06 16:09:10
2341212,2341212,ACTUALIZADO,8,2026-08,0.0,2026-02-06 16:09:10
2341212,2341212,ACTUALIZADO,9,2026-09,0.0,2026-02-06 16:09:10
2341212,2341212,ACTUALIZADO,12,2026-12,146296.91,2026-02-06 16:09:10
2341212,2341212,ACTUALIZADO,2,2026-02,0.0,2026-02-06 16:09:10
2341212,2341212,ACTUALIZADO,7,2026-07,0.0,2026-02-06 16:09:10
2341212,2341212,ACTUALIZADO,11,2026-11,158000.0,2026-02-06 16:09:10
2341212,2341212,ACTUALIZADO,4,2026-04,0.0,2026-02-06 16:09:10
2341212,2341212,ACTUALIZADO,6,2026-06,0.0,2026-02-06 16:09:10
2341212,2341212,ACTUALIZADO,1,2026-01,0.0,2026-02-06 16:09:10
2341212,2341212,ACTUALIZADO,5,2026-05,0.0,2026-02-06 16:09:10
2341212,2341212,ACTUALIZADO,10,2026-10,0.0,2026-02-06 16:09:10
2112606,2112606,ACTUALIZADO,4,2026-04,0.0,2026-02-18 15:13:35
2112606,2112606,ACTUALIZADO,9,2026-09,0.0,2026-02-18 15:13:35
2112606,2112606,ACTUALIZADO,10,2026-10,0.0,2026-02-18 15:13:35
2112606,2112606,ACTUALIZADO,11,2026-11,0.0,2026-02-18 15:13:35
2112606,2112606,ACTUALIZADO,12,2026-12,0.0,2026-02-18 15:13:35
2112606,2112606,ACTUALIZADO,2,2026-02,0.0,2026-02-18 15:13:35
2112606,2112606,ACTUALIZADO,1,2026-01,0.0,2026-02-18 15:13:35
2112606,2112606,ACTUALIZADO,5,2026-05,0.0,2026-02-18 15:13:35
2112606,2112606,ACTUALIZADO,8,2026-08,0.0,2026-02-18 15:13:35
2112606,2112606,ACTUALIZADO,3,2026-03,0.0,2026-02-18 15:13:35
2112606,2112606,ACTUALIZADO,6,2026-06,0.0,2026-02-18 15:13:35
2112606,2112606,ACTUALIZADO,7,2026-07,0.0,2026-02-18 15:13:35
2090825,2090825,ACTUALIZADO,3,2026-03,0.0,2026-03-19 15:39:43
2090825,2090825,ACTUALIZADO,7,2026-07,0.0,2026-03-19 15:39:43
2090825,2090825,ACTUALIZADO,9,2026-09,0.0,2026-03-19 15:39:43
2090825,2090825,ACTUALIZADO,12,2026-12,0.0,2026-03-19 15:39:43
2090825,2090825,ACTUALIZADO,1,2026-01,0.0,2026-03-19 15:39:43
2090825,2090825,ACTUALIZADO,2,2026-02,0.0,2026-03-19 15:39:43
2090825,2090825,ACTUALIZADO,4,2026-04,118542.0,2026-03-19 15:39:43
2090825,2090825,ACTUALIZADO,10,2026-10,0.0,2026-03-19 15:39:43
2090825,2090825,ACTUALIZADO,11,2026-11,0.0,2026-03-19 15:39:43
2090825,2090825,ACTUALIZADO,6,2026-06,0.0,2026-03-19 15:39:43
2090825,2090825,ACTUALIZADO,8,2026-08,0.0,2026-03-19 15:39:43
2090825,2090825,ACTUALIZADO,5,2026-05,0.0,2026-03-19 15:39:43
2480406,2480406,ACTUALIZADO,5,2026-05,0.0,2026-02-20 13:51:18
2480406,2480406,ACTUALIZADO,4,2026-04,0.0,2026-02-20 13:51:18
2480406,2480406,ACTUALIZADO,6,2026-06,0.0,2026-02-20 13:51:18
2480406,2480406,ACTUALIZADO,12,2026-12,19780.74,2026-02-20 13:51:18
2480406,2480406,ACTUALIZADO,1,2026-01,0.0,2026-02-20 13:51:18
2480406,2480406,ACTUALIZADO,9,2026-09,0.0,2026-02-20 13:51:18
2480406,2480406,ACTUALIZADO,11,2026-11,0.0,2026-02-20 13:51:18
2480406,2480406,ACTUALIZADO,8,2026-08,0.0,2026-02-20 13:51:18
2480406,2480406,ACTUALIZADO,10,2026-10,0.0,2026-02-20 13:51:18
2480406,2480406,ACTUALIZADO,2,2026-02,0.0,2026-02-20 13:51:18
2480406,2480406,ACTUALIZADO,3,2026-03,0.0,2026-02-20 13:51:18
2480406,2480406,ACTUALIZADO,7,2026-07,0.0,2026-02-20 13:51:18
2639915,2639915,ACTUALIZADO,11,2026-11,0.0,2026-02-17 21:41:29
2639915,2639915,ACTUALIZADO,2,2026-02,0.0,2026-02-17 21:41:29
2639915,2639915,ACTUALIZADO,10,2026-10,0.0,2026-02-17 21:41:29
2639915,2639915,ACTUALIZADO,12,2026-12,0.0,2026-02-17 21:41:29
2639915,2639915,ACTUALIZADO,7,2026-07,0.0,2026-02-17 21:41:29
2639915,2639915,ACTUALIZADO,1,2026-01,0.0,2026-02-17 21:41:29
2639915,2639915,ACTUALIZADO,3,2026-03,0.0,2026-02-17 21:41:29
2639915,2639915,ACTUALIZADO,4,2026-04,0.0,2026-02-17 21:41:29
2639915,2639915,ACTUALIZADO,5,2026-05,0.0,2026-02-17 21:41:29
2639915,2639915,ACTUALIZADO,6,2026-06,0.0,2026-02-17 21:41:29
2639915,2639915,ACTUALIZADO,8,2026-08,0.0,2026-02-17 21:41:29
2639915,2639915,ACTUALIZADO,9,2026-09,0.0,2026-02-17 21:41:29
2651902,2651902,ACTUALIZADO,3,2026-03,0.0,2026-03-27 18:44:30
2651902,2651902,ACTUALIZADO,4,2026-04,0.0,2026-03-27 18:44:30
2651902,2651902,ACTUALIZADO,12,2026-12,2410935.59,2026-03-27 18:44:30
2651902,2651902,ACTUALIZADO,1,2026-01,0.0,2026-03-27 18:44:30
2651902,2651902,ACTUALIZADO,2,2026-02,0.0,2026-03-27 18:44:30
2651902,2651902,ACTUALIZADO,10,2026-10,0.0,2026-03-27 18:44:30
2651902,2651902,ACTUALIZADO,6,2026-06,0.0,2026-03-27 18:44:30
2651902,2651902,ACTUALIZADO,11,2026-11,772835.33,2026-03-27 18:44:30
2651902,2651902,ACTUALIZADO,7,2026-07,0.0,2026-03-27 18:44:30
2651902,2651902,ACTUALIZADO,8,2026-08,0.0,2026-03-27 18:44:30
2651902,2651902,ACTUALIZADO,9,2026-09,0.0,2026-03-27 18:44:30
2651902,2651902,ACTUALIZADO,5,2026-05,0.0,2026-03-27 18:44:30
2504112,2504112,ACTUALIZADO,1,2026-01,0.0,2026-02-11 15:41:16
2504112,2504112,ACTUALIZADO,2,2026-02,0.0,2026-02-11 15:41:16
2504112,2504112,ACTUALIZADO,4,2026-04,0.0,2026-02-11 15:41:16
2504112,2504112,ACTUALIZADO,5,2026-05,0.0,2026-02-11 15:41:16
2504112,2504112,ACTUALIZADO,7,2026-07,0.0,2026-02-11 15:41:16
2504112,2504112,ACTUALIZADO,6,2026-06,0.0,2026-02-11 15:41:16
2504112,2504112,ACTUALIZADO,8,2026-08,0.0,2026-02-11 15:41:16
2504112,2504112,ACTUALIZADO,10,2026-10,0.0,2026-02-11 15:41:16
2504112,2504112,ACTUALIZADO,12,2026-12,0.0,2026-02-11 15:41:16
2504112,2504112,ACTUALIZADO,3,2026-03,0.0,2026-02-11 15:41:16
2504112,2504112,ACTUALIZADO,9,2026-09,0.0,2026-02-11 15:41:16
2504112,2504112,ACTUALIZADO,11,2026-11,0.0,2026-02-11 15:41:16
2600438,2600438,ACTUALIZADO,7,2026-07,220000.0,2026-03-12 17:29:57
2600438,2600438,ACTUALIZADO,9,2026-09,130000.0,2026-03-12 17:29:57
2600438,2600438,ACTUALIZADO,5,2026-05,0.0,2026-03-12 17:29:57
2600438,2600438,ACTUALIZADO,8,2026-08,130000.0,2026-03-12 17:29:57
2600438,2600438,ACTUALIZADO,1,2026-01,0.0,2026-03-12 17:29:57
2600438,2600438,ACTUALIZADO,6,2026-06,68712.0,2026-03-12 17:29:57
2600438,2600438,ACTUALIZADO,2,2026-02,0.0,2026-03-12 17:29:57
2600438,2600438,ACTUALIZADO,4,2026-04,0.0,2026-03-12 17:29:57
2600438,2600438,ACTUALIZADO,12,2026-12,0.0,2026-03-12 17:29:57
2600438,2600438,ACTUALIZADO,3,2026-03,0.0,2026-03-12 17:29:57
2600438,2600438,ACTUALIZADO,10,2026-10,130000.0,2026-03-12 17:29:57
2600438,2600438,ACTUALIZADO,11,2026-11,90000.0,2026-03-12 17:29:57
2697167,2697167,ACTUALIZADO,5,2026-05,0.0,2026-03-10 15:08:21
2697167,2697167,ACTUALIZADO,6,2026-06,0.0,2026-03-10 15:08:21
2697167,2697167,ACTUALIZADO,8,2026-08,0.0,2026-03-10 15:08:21
2697167,2697167,ACTUALIZADO,11,2026-11,0.0,2026-03-10 15:08:21
2697167,2697167,ACTUALIZADO,2,2026-02,0.0,2026-03-10 15:08:21
2697167,2697167,ACTUALIZADO,3,2026-03,0.0,2026-03-10 15:08:21
2697167,2697167,ACTUALIZADO,1,2026-01,0.0,2026-03-10 15:08:21
2697167,2697167,ACTUALIZADO,9,2026-09,12000.0,2026-03-10 15:08:21
2697167,2697167,ACTUALIZADO,4,2026-04,0.0,2026-03-10 15:08:21
2697167,2697167,ACTUALIZADO,7,2026-07,0.0,2026-03-10 15:08:21
2697167,2697167,ACTUALIZADO,10,2026-10,0.0,2026-03-10 15:08:21
2697167,2697167,ACTUALIZADO,12,2026-12,265011.57,2026-03-10 15:08:21
2500085,2500085,ACTUALIZADO,7,2026-07,35000.0,2026-03-31 21:31:47
2500085,2500085,ACTUALIZADO,2,2026-02,13965.44,2026-03-31 21:31:47
2500085,2500085,ACTUALIZADO,3,2026-03,14000.0,2026-03-31 21:31:47
2500085,2500085,ACTUALIZADO,1,2026-01,9365.44,2026-03-31 21:31:47
2500085,2500085,ACTUALIZADO,6,2026-06,1899780.0,2026-03-31 21:31:47
2500085,2500085,ACTUALIZADO,12,2026-12,0.0,2026-03-31 21:31:47
2500085,2500085,ACTUALIZADO,5,2026-05,419505.0,2026-03-31 21:31:47
2500085,2500085,ACTUALIZADO,11,2026-11,0.0,2026-03-31 21:31:47
2500085,2500085,ACTUALIZADO,9,2026-09,51565.12,2026-03-31 21:31:47
2500085,2500085,ACTUALIZADO,10,2026-10,0.0,2026-03-31 21:31:47
2500085,2500085,ACTUALIZADO,8,2026-08,35000.0,2026-03-31 21:31:47
2500085,2500085,ACTUALIZADO,4,2026-04,14000.0,2026-03-31 21:31:47
2713215,2713215,ACTUALIZADO,11,2026-11,0.0,2026-02-18 17:42:12
2713215,2713215,ACTUALIZADO,12,2026-12,0.0,2026-02-18 17:42:12
2713215,2713215,ACTUALIZADO,2,2026-02,0.0,2026-02-18 17:42:12
2713215,2713215,ACTUALIZADO,8,2026-08,0.0,2026-02-18 17:42:12
2713215,2713215,ACTUALIZADO,3,2026-03,0.0,2026-02-18 17:42:12
2713215,2713215,ACTUALIZADO,4,2026-04,0.0,2026-02-18 17:42:12
2713215,2713215,ACTUALIZADO,5,2026-05,0.0,2026-02-18 17:42:12
2713215,2713215,ACTUALIZADO,10,2026-10,0.0,2026-02-18 17:42:12
2713215,2713215,ACTUALIZADO,7,2026-07,0.0,2026-02-18 17:42:12
2713215,2713215,ACTUALIZADO,1,2026-01,20000.0,2026-02-18 17:42:12
2713215,2713215,ACTUALIZADO,6,2026-06,0.0,2026-02-18 17:42:12
2713215,2713215,ACTUALIZADO,9,2026-09,0.0,2026-02-18 17:42:12
2257728,2257728,ACTUALIZADO,4,2026-04,0.0,2026-02-09 22:17:45
2257728,2257728,ACTUALIZADO,8,2026-08,0.0,2026-02-09 22:17:45
2257728,2257728,ACTUALIZADO,10,2026-10,0.0,2026-02-09 22:17:45
2257728,2257728,ACTUALIZADO,12,2026-12,1124.0,2026-02-09 22:17:45
2257728,2257728,ACTUALIZADO,3,2026-03,0.0,2026-02-09 22:17:45
2257728,2257728,ACTUALIZADO,2,2026-02,0.0,2026-02-09 22:17:45
2257728,2257728,ACTUALIZADO,5,2026-05,0.0,2026-02-09 22:17:45
2257728,2257728,ACTUALIZADO,6,2026-06,0.0,2026-02-09 22:17:45
2257728,2257728,ACTUALIZADO,9,2026-09,0.0,2026-02-09 22:17:45
2257728,2257728,ACTUALIZADO,7,2026-07,0.0,2026-02-09 22:17:45
2257728,2257728,ACTUALIZADO,11,2026-11,0.0,2026-02-09 22:17:45
2257728,2257728,ACTUALIZADO,1,2026-01,41169.0,2026-02-09 22:17:45
2537225,2537225,ACTUALIZADO,5,2026-05,0.0,2026-02-09 15:41:29
2537225,2537225,ACTUALIZADO,3,2026-03,21270.0,2026-02-09 15:41:29
2537225,2537225,ACTUALIZADO,8,2026-08,0.0,2026-02-09 15:41:29
2537225,2537225,ACTUALIZADO,12,2026-12,0.0,2026-02-09 15:41:29
2537225,2537225,ACTUALIZADO,6,2026-06,0.0,2026-02-09 15:41:29
2537225,2537225,ACTUALIZADO,11,2026-11,0.0,2026-02-09 15:41:29
2537225,2537225,ACTUALIZADO,7,2026-07,0.0,2026-02-09 15:41:29
2537225,2537225,ACTUALIZADO,4,2026-04,0.0,2026-02-09 15:41:29
2537225,2537225,ACTUALIZADO,9,2026-09,0.0,2026-02-09 15:41:29
2537225,2537225,ACTUALIZADO,10,2026-10,0.0,2026-02-09 15:41:29
2537225,2537225,ACTUALIZADO,1,2026-01,0.0,2026-02-09 15:41:29
2537225,2537225,ACTUALIZADO,2,2026-02,0.0,2026-02-09 15:41:29
2618266,2618266,ACTUALIZADO,9,2026-09,21257.92,2026-03-11 13:42:04
2618266,2618266,ACTUALIZADO,1,2026-01,0.0,2026-03-11 13:42:04
2618266,2618266,ACTUALIZADO,11,2026-11,150000.0,2026-03-11 13:42:04
2618266,2618266,ACTUALIZADO,12,2026-12,12000.0,2026-03-11 13:42:04
2618266,2618266,ACTUALIZADO,4,2026-04,0.0,2026-03-11 13:42:04
2618266,2618266,ACTUALIZADO,6,2026-06,0.0,2026-03-11 13:42:04
2618266,2618266,ACTUALIZADO,3,2026-03,0.0,2026-03-11 13:42:04
2618266,2618266,ACTUALIZADO,10,2026-10,50222.0,2026-03-11 13:42:04
2618266,2618266,ACTUALIZADO,5,2026-05,0.0,2026-03-11 13:42:04
2618266,2618266,ACTUALIZADO,2,2026-02,0.0,2026-03-11 13:42:04
2618266,2618266,ACTUALIZADO,7,2026-07,0.0,2026-03-11 13:42:04
2618266,2618266,ACTUALIZADO,8,2026-08,0.0,2026-03-11 13:42:04
2668224,2668224,ACTUALIZADO,4,2026-04,0.0,2026-03-31 20:28:20
2668224,2668224,ACTUALIZADO,5,2026-05,0.0,2026-03-31 20:28:20
2668224,2668224,ACTUALIZADO,9,2026-09,0.0,2026-03-31 20:28:20
2668224,2668224,ACTUALIZADO,11,2026-11,321546.0,2026-03-31 20:28:20
2668224,2668224,ACTUALIZADO,12,2026-12,329239.2,2026-03-31 20:28:20
2668224,2668224,ACTUALIZADO,2,2026-02,0.0,2026-03-31 20:28:20
2668224,2668224,ACTUALIZADO,10,2026-10,426412.0,2026-03-31 20:28:20
2668224,2668224,ACTUALIZADO,6,2026-06,0.0,2026-03-31 20:28:20
2668224,2668224,ACTUALIZADO,3,2026-03,0.0,2026-03-31 20:28:20
2668224,2668224,ACTUALIZADO,7,2026-07,0.0,2026-03-31 20:28:20
2668224,2668224,ACTUALIZADO,1,2026-01,0.0,2026-03-31 20:28:20
2668224,2668224,ACTUALIZADO,8,2026-08,0.0,2026-03-31 20:28:20
2304530,2304530,ACTUALIZADO,9,2026-09,221870.39,2026-03-03 15:55:46
2304530,2304530,ACTUALIZADO,6,2026-06,0.0,2026-03-03 15:55:46
2304530,2304530,ACTUALIZADO,2,2026-02,0.0,2026-03-03 15:55:46
2304530,2304530,ACTUALIZADO,4,2026-04,0.0,2026-03-03 15:55:46
2304530,2304530,ACTUALIZADO,3,2026-03,225000.0,2026-03-03 15:55:46
2304530,2304530,ACTUALIZADO,5,2026-05,133122.23,2026-03-03 15:55:46
2304530,2304530,ACTUALIZADO,7,2026-07,133122.23,2026-03-03 15:55:46
2304530,2304530,ACTUALIZADO,8,2026-08,0.0,2026-03-03 15:55:46
2304530,2304530,ACTUALIZADO,11,2026-11,220919.6,2026-03-03 15:55:46
2304530,2304530,ACTUALIZADO,10,2026-10,0.0,2026-03-03 15:55:46
2304530,2304530,ACTUALIZADO,1,2026-01,0.0,2026-03-03 15:55:46
2304530,2304530,ACTUALIZADO,12,2026-12,162000.0,2026-03-03 15:55:46
2467050,2467050,ACTUALIZADO,4,2026-04,0.0,2026-02-18 14:30:12
2467050,2467050,ACTUALIZADO,8,2026-08,0.0,2026-02-18 14:30:12
2467050,2467050,ACTUALIZADO,9,2026-09,0.0,2026-02-18 14:30:12
2467050,2467050,ACTUALIZADO,5,2026-05,0.0,2026-02-18 14:30:12
2467050,2467050,ACTUALIZADO,7,2026-07,0.0,2026-02-18 14:30:12
2467050,2467050,ACTUALIZADO,11,2026-11,0.0,2026-02-18 14:30:12
2467050,2467050,ACTUALIZADO,12,2026-12,0.0,2026-02-18 14:30:12
2467050,2467050,ACTUALIZADO,3,2026-03,0.0,2026-02-18 14:30:12
2467050,2467050,ACTUALIZADO,1,2026-01,0.0,2026-02-18 14:30:12
2467050,2467050,ACTUALIZADO,2,2026-02,0.0,2026-02-18 14:30:12
2467050,2467050,ACTUALIZADO,6,2026-06,0.0,2026-02-18 14:30:12
2467050,2467050,ACTUALIZADO,10,2026-10,0.0,2026-02-18 14:30:12
2623733,2623733,ACTUALIZADO,2,2026-02,0.0,2026-03-04 14:18:49
2623733,2623733,ACTUALIZADO,8,2026-08,0.0,2026-03-04 14:18:49
2623733,2623733,ACTUALIZADO,1,2026-01,0.0,2026-03-04 14:18:49
2623733,2623733,ACTUALIZADO,5,2026-05,0.0,2026-03-04 14:18:49
2623733,2623733,ACTUALIZADO,6,2026-06,0.0,2026-03-04 14:18:49
2623733,2623733,ACTUALIZADO,7,2026-07,0.0,2026-03-04 14:18:49
2623733,2623733,ACTUALIZADO,10,2026-10,0.0,2026-03-04 14:18:49
2623733,2623733,ACTUALIZADO,3,2026-03,0.0,2026-03-04 14:18:49
2623733,2623733,ACTUALIZADO,9,2026-09,0.0,2026-03-04 14:18:49
2623733,2623733,ACTUALIZADO,12,2026-12,2974727.86,2026-03-04 14:18:49
2623733,2623733,ACTUALIZADO,4,2026-04,0.0,2026-03-04 14:18:49
2623733,2623733,ACTUALIZADO,11,2026-11,0.0,2026-03-04 14:18:49
2619096,2619096,ACTUALIZADO,8,2026-08,0.0,2026-02-23 17:43:00
2619096,2619096,ACTUALIZADO,2,2026-02,0.0,2026-02-23 17:43:00
2619096,2619096,ACTUALIZADO,4,2026-04,0.0,2026-02-23 17:43:00
2619096,2619096,ACTUALIZADO,5,2026-05,0.0,2026-02-23 17:43:00
2619096,2619096,ACTUALIZADO,12,2026-12,0.0,2026-02-23 17:43:00
2619096,2619096,ACTUALIZADO,1,2026-01,0.0,2026-02-23 17:43:00
2619096,2619096,ACTUALIZADO,6,2026-06,0.0,2026-02-23 17:43:00
2619096,2619096,ACTUALIZADO,9,2026-09,0.0,2026-02-23 17:43:00
2619096,2619096,ACTUALIZADO,7,2026-07,0.0,2026-02-23 17:43:00
2619096,2619096,ACTUALIZADO,3,2026-03,0.0,2026-02-23 17:43:00
2619096,2619096,ACTUALIZADO,10,2026-10,0.0,2026-02-23 17:43:00
2619096,2619096,ACTUALIZADO,11,2026-11,0.0,2026-02-23 17:43:00
2325712,2325712,ACTUALIZADO,3,2026-03,0.0,2026-02-25 20:30:46
2325712,2325712,ACTUALIZADO,5,2026-05,0.0,2026-02-25 20:30:46
2325712,2325712,ACTUALIZADO,12,2026-12,0.0,2026-02-25 20:30:46
2325712,2325712,ACTUALIZADO,1,2026-01,0.0,2026-02-25 20:30:46
2325712,2325712,ACTUALIZADO,6,2026-06,0.0,2026-02-25 20:30:46
2325712,2325712,ACTUALIZADO,4,2026-04,0.0,2026-02-25 20:30:46
2325712,2325712,ACTUALIZADO,7,2026-07,0.0,2026-02-25 20:30:46
2325712,2325712,ACTUALIZADO,2,2026-02,0.0,2026-02-25 20:30:46
2325712,2325712,ACTUALIZADO,8,2026-08,0.0,2026-02-25 20:30:46
2325712,2325712,ACTUALIZADO,9,2026-09,0.0,2026-02-25 20:30:46
2325712,2325712,ACTUALIZADO,10,2026-10,0.0,2026-02-25 20:30:46
2325712,2325712,ACTUALIZADO,11,2026-11,0.0,2026-02-25 20:30:46
2526974,2526974,ACTUALIZADO,2,2026-02,0.0,2026-04-06 19:04:40
2526974,2526974,ACTUALIZADO,3,2026-03,0.0,2026-04-06 19:04:40
2526974,2526974,ACTUALIZADO,7,2026-07,2098.47,2026-04-06 19:04:40
2526974,2526974,ACTUALIZADO,12,2026-12,0.0,2026-04-06 19:04:40
2526974,2526974,ACTUALIZADO,5,2026-05,14000.0,2026-04-06 19:04:40
2526974,2526974,ACTUALIZADO,10,2026-10,0.0,2026-04-06 19:04:40
2526974,2526974,ACTUALIZADO,4,2026-04,90000.0,2026-04-06 19:04:40
2526974,2526974,ACTUALIZADO,9,2026-09,0.0,2026-04-06 19:04:40
2526974,2526974,ACTUALIZADO,6,2026-06,9000.0,2026-04-06 19:04:40
2526974,2526974,ACTUALIZADO,8,2026-08,18000.0,2026-04-06 19:04:40
2526974,2526974,ACTUALIZADO,1,2026-01,0.0,2026-04-06 19:04:40
2526974,2526974,ACTUALIZADO,11,2026-11,0.0,2026-04-06 19:04:40
2233757,2233757,ACTUALIZADO,1,2026-01,0.0,2026-01-27 20:41:03
2233757,2233757,ACTUALIZADO,10,2026-10,0.0,2026-01-27 20:41:03
2233757,2233757,ACTUALIZADO,12,2026-12,0.0,2026-01-27 20:41:03
2233757,2233757,ACTUALIZADO,4,2026-04,0.0,2026-01-27 20:41:03
2233757,2233757,ACTUALIZADO,8,2026-08,0.0,2026-01-27 20:41:03
2233757,2233757,ACTUALIZADO,5,2026-05,0.0,2026-01-27 20:41:03
2233757,2233757,ACTUALIZADO,6,2026-06,0.0,2026-01-27 20:41:03
2233757,2233757,ACTUALIZADO,7,2026-07,0.0,2026-01-27 20:41:03
2233757,2233757,ACTUALIZADO,9,2026-09,0.0,2026-01-27 20:41:03
2233757,2233757,ACTUALIZADO,3,2026-03,0.0,2026-01-27 20:41:03
2233757,2233757,ACTUALIZADO,2,2026-02,0.0,2026-01-27 20:41:03
2233757,2233757,ACTUALIZADO,11,2026-11,0.0,2026-01-27 20:41:03
2482670,2482670,ACTUALIZADO,4,2026-04,0.0,2026-03-09 15:20:24
2482670,2482670,ACTUALIZADO,5,2026-05,0.0,2026-03-09 15:20:24
2482670,2482670,ACTUALIZADO,6,2026-06,0.0,2026-03-09 15:20:24
2482670,2482670,ACTUALIZADO,11,2026-11,0.0,2026-03-09 15:20:24
2482670,2482670,ACTUALIZADO,2,2026-02,0.0,2026-03-09 15:20:24
2482670,2482670,ACTUALIZADO,10,2026-10,0.0,2026-03-09 15:20:24
2482670,2482670,ACTUALIZADO,7,2026-07,0.0,2026-03-09 15:20:24
2482670,2482670,ACTUALIZADO,1,2026-01,0.0,2026-03-09 15:20:24
2482670,2482670,ACTUALIZADO,9,2026-09,0.0,2026-03-09 15:20:24
2482670,2482670,ACTUALIZADO,3,2026-03,487886.07,2026-03-09 15:20:24
2482670,2482670,ACTUALIZADO,8,2026-08,0.0,2026-03-09 15:20:24
2482670,2482670,ACTUALIZADO,12,2026-12,0.0,2026-03-09 15:20:24
2706887,2706887,ACTUALIZADO,1,2026-01,0.0,2026-03-11 13:25:54
2706887,2706887,ACTUALIZADO,4,2026-04,0.0,2026-03-11 13:25:54
2706887,2706887,ACTUALIZADO,12,2026-12,0.0,2026-03-11 13:25:54
2706887,2706887,ACTUALIZADO,2,2026-02,0.0,2026-03-11 13:25:54
2706887,2706887,ACTUALIZADO,11,2026-11,450027.33,2026-03-11 13:25:54
2706887,2706887,ACTUALIZADO,3,2026-03,0.0,2026-03-11 13:25:54
2706887,2706887,ACTUALIZADO,5,2026-05,0.0,2026-03-11 13:25:54
2706887,2706887,ACTUALIZADO,10,2026-10,450027.3,2026-03-11 13:25:54
2706887,2706887,ACTUALIZADO,6,2026-06,0.0,2026-03-11 13:25:54
2706887,2706887,ACTUALIZADO,7,2026-07,65000.0,2026-03-11 13:25:54
2706887,2706887,ACTUALIZADO,8,2026-08,0.0,2026-03-11 13:25:54
2706887,2706887,ACTUALIZADO,9,2026-09,450027.3,2026-03-11 13:25:54
