investment_code,COD_UNICO,DES_TIPO,COD_MES,PERIODO,MTO_ACT
2628986,2628986,PROGRAMADO,4,2026-04,20000.0
2628986,2628986,PROGRAMADO,1,2026-01,0.0
2628986,2628986,PROGRAMADO,7,2026-07,0.0
2628986,2628986,PROGRAMADO,12,2026-12,0.0
2628986,2628986,PROGRAMADO,6,2026-06,25000.0
2628986,2628986,PROGRAMADO,9,2026-09,0.0
2628986,2628986,PROGRAMADO,5,2026-05,30000.0
2628986,2628986,PROGRAMADO,11,2026-11,0.0
2628986,2628986,PROGRAMADO,2,2026-02,0.0
2628986,2628986,PROGRAMADO,3,2026-03,0.0
2628986,2628986,PROGRAMADO,10,2026-10,0.0
2628986,2628986,PROGRAMADO,8,2026-08,0.0
2687722,2687722,PROGRAMADO,6,2026-06,250000.0
2687722,2687722,PROGRAMADO,10,2026-10,0.0
2687722,2687722,PROGRAMADO,1,2026-01,0.0
2687722,2687722,PROGRAMADO,8,2026-08,0.0
2687722,2687722,PROGRAMADO,12,2026-12,0.0
2687722,2687722,PROGRAMADO,2,2026-02,0.0
2687722,2687722,PROGRAMADO,4,2026-04,0.0
2687722,2687722,PROGRAMADO,5,2026-05,0.0
2687722,2687722,PROGRAMADO,9,2026-09,0.0
2687722,2687722,PROGRAMADO,3,2026-03,0.0
2687722,2687722,PROGRAMADO,7,2026-07,220684.07
2687722,2687722,PROGRAMADO,11,2026-11,0.0
2705952,2705952,PROGRAMADO,5,2026-05,0.0
2705952,2705952,PROGRAMADO,7,2026-07,0.0
2705952,2705952,PROGRAMADO,2,2026-02,0.0
2705952,2705952,PROGRAMADO,3,2026-03,205000.0
2705952,2705952,PROGRAMADO,1,2026-01,0.0
2705952,2705952,PROGRAMADO,8,2026-08,0.0
2705952,2705952,PROGRAMADO,9,2026-09,0.0
2705952,2705952,PROGRAMADO,11,2026-11,0.0
2705952,2705952,PROGRAMADO,12,2026-12,0.0
2705952,2705952,PROGRAMADO,6,2026-06,0.0
2705952,2705952,PROGRAMADO,4,2026-04,205449.54
2705952,2705952,PROGRAMADO,10,2026-10,0.0
2530397,2530397,PROGRAMADO,6,2026-06,0.0
2530397,2530397,PROGRAMADO,10,2026-10,0.0
2530397,2530397,PROGRAMADO,8,2026-08,0.0
2530397,2530397,PROGRAMADO,2,2026-02,46400.0
2530397,2530397,PROGRAMADO,4,2026-04,0.0
2530397,2530397,PROGRAMADO,3,2026-03,0.0
2530397,2530397,PROGRAMADO,5,2026-05,0.0
2530397,2530397,PROGRAMADO,11,2026-11,0.0
2530397,2530397,PROGRAMADO,12,2026-12,0.0
2530397,2530397,PROGRAMADO,1,2026-01,0.0
2530397,2530397,PROGRAMADO,7,2026-07,0.0
2530397,2530397,PROGRAMADO,9,2026-09,0.0
2478143,2478143,PROGRAMADO,9,2026-09,0.0
2478143,2478143,PROGRAMADO,11,2026-11,0.0
2478143,2478143,PROGRAMADO,12,2026-12,0.0
2478143,2478143,PROGRAMADO,6,2026-06,0.0
2478143,2478143,PROGRAMADO,10,2026-10,0.0
2478143,2478143,PROGRAMADO,1,2026-01,0.0
2478143,2478143,PROGRAMADO,4,2026-04,0.0
2478143,2478143,PROGRAMADO,5,2026-05,0.0
2478143,2478143,PROGRAMADO,8,2026-08,0.0
2478143,2478143,PROGRAMADO,2,2026-02,0.0
2478143,2478143,PROGRAMADO,3,2026-03,0.0
2478143,2478143,PROGRAMADO,7,2026-07,0.0
2673405,2673405,PROGRAMADO,2,2026-02,0.0
2673405,2673405,PROGRAMADO,3,2026-03,0.0
2673405,2673405,PROGRAMADO,11,2026-11,0.0
2673405,2673405,PROGRAMADO,7,2026-07,0.0
2673405,2673405,PROGRAMADO,4,2026-04,350000.0
2673405,2673405,PROGRAMADO,1,2026-01,0.0
2673405,2673405,PROGRAMADO,5,2026-05,0.0
2673405,2673405,PROGRAMADO,8,2026-08,0.0
2673405,2673405,PROGRAMADO,10,2026-10,0.0
2673405,2673405,PROGRAMADO,9,2026-09,0.0
2673405,2673405,PROGRAMADO,6,2026-06,0.0
2673405,2673405,PROGRAMADO,12,2026-12,0.0
2452682,2452682,PROGRAMADO,5,2026-05,0.0
2452682,2452682,PROGRAMADO,8,2026-08,500000.0
2452682,2452682,PROGRAMADO,11,2026-11,0.0
2452682,2452682,PROGRAMADO,12,2026-12,0.0
2452682,2452682,PROGRAMADO,4,2026-04,0.0
2452682,2452682,PROGRAMADO,9,2026-09,500000.0
2452682,2452682,PROGRAMADO,10,2026-10,500000.0
2452682,2452682,PROGRAMADO,6,2026-06,0.0
2452682,2452682,PROGRAMADO,2,2026-02,0.0
2452682,2452682,PROGRAMADO,3,2026-03,0.0
2452682,2452682,PROGRAMADO,7,2026-07,0.0
2452682,2452682,PROGRAMADO,1,2026-01,0.0
2520366,2520366,PROGRAMADO,3,2026-03,0.0
2520366,2520366,PROGRAMADO,6,2026-06,0.0
2520366,2520366,PROGRAMADO,2,2026-02,0.0
2520366,2520366,PROGRAMADO,5,2026-05,0.0
2520366,2520366,PROGRAMADO,8,2026-08,0.0
2520366,2520366,PROGRAMADO,11,2026-11,0.0
2520366,2520366,PROGRAMADO,12,2026-12,0.0
2520366,2520366,PROGRAMADO,4,2026-04,0.0
2520366,2520366,PROGRAMADO,7,2026-07,0.0
2520366,2520366,PROGRAMADO,9,2026-09,0.0
2520366,2520366,PROGRAMADO,10,2026-10,0.0
2520366,2520366,PROGRAMADO,1,2026-01,190000.0
2596184,2596184,PROGRAMADO,4,2026-04,0.0
2596184,2596184,PROGRAMADO,11,2026-11,0.0
2596184,2596184,PROGRAMADO,1,2026-01,0.0
2596184,2596184,PROGRAMADO,5,2026-05,0.0
2596184,2596184,PROGRAMADO,7,2026-07,0.0
2596184,2596184,PROGRAMADO,8,2026-08,0.0
2596184,2596184,PROGRAMADO,12,2026-12,0.0
2596184,2596184,PROGRAMADO,6,2026-06,70560.0
2596184,2596184,PROGRAMADO,9,2026-09,0.0
2596184,2596184,PROGRAMADO,10,2026-10,0.0
2596184,2596184,PROGRAMADO,2,2026-02,0.0
2596184,2596184,PROGRAMADO,3,2026-03,0.0
2309952,2309952,PROGRAMADO,1,2026-01,785050.2
2309952,2309952,PROGRAMADO,3,2026-03,0.0
2309952,2309952,PROGRAMADO,6,2026-06,0.0
2309952,2309952,PROGRAMADO,9,2026-09,0.0
2309952,2309952,PROGRAMADO,10,2026-10,0.0
2309952,2309952,PROGRAMADO,11,2026-11,0.0
2309952,2309952,PROGRAMADO,8,2026-08,0.0
2309952,2309952,PROGRAMADO,4,2026-04,0.0
2309952,2309952,PROGRAMADO,7,2026-07,0.0
2309952,2309952,PROGRAMADO,12,2026-12,0.0
2309952,2309952,PROGRAMADO,2,2026-02,791144.3
2309952,2309952,PROGRAMADO,5,2026-05,0.0
2642432,2642432,PROGRAMADO,4,2026-04,0.0
2642432,2642432,PROGRAMADO,6,2026-06,0.0
2642432,2642432,PROGRAMADO,10,2026-10,0.0
2642432,2642432,PROGRAMADO,5,2026-05,0.0
2642432,2642432,PROGRAMADO,8,2026-08,0.0
2642432,2642432,PROGRAMADO,9,2026-09,0.0
2642432,2642432,PROGRAMADO,1,2026-01,22487.4
2642432,2642432,PROGRAMADO,2,2026-02,0.0
2642432,2642432,PROGRAMADO,11,2026-11,0.0
2642432,2642432,PROGRAMADO,3,2026-03,0.0
2642432,2642432,PROGRAMADO,7,2026-07,0.0
2642432,2642432,PROGRAMADO,12,2026-12,0.0
2131115,2131115,PROGRAMADO,8,2026-08,0.0
2131115,2131115,PROGRAMADO,9,2026-09,0.0
2131115,2131115,PROGRAMADO,11,2026-11,0.0
2131115,2131115,PROGRAMADO,12,2026-12,757688.76
2131115,2131115,PROGRAMADO,4,2026-04,0.0
2131115,2131115,PROGRAMADO,6,2026-06,0.0
2131115,2131115,PROGRAMADO,1,2026-01,0.0
2131115,2131115,PROGRAMADO,2,2026-02,19970.3
2131115,2131115,PROGRAMADO,3,2026-03,0.0
2131115,2131115,PROGRAMADO,5,2026-05,76375.94
2131115,2131115,PROGRAMADO,7,2026-07,0.0
2131115,2131115,PROGRAMADO,10,2026-10,0.0
2320661,2320661,PROGRAMADO,3,2026-03,0.0
2320661,2320661,PROGRAMADO,8,2026-08,0.0
2320661,2320661,PROGRAMADO,9,2026-09,0.0
2320661,2320661,PROGRAMADO,1,2026-01,0.0
2320661,2320661,PROGRAMADO,11,2026-11,0.0
2320661,2320661,PROGRAMADO,2,2026-02,0.0
2320661,2320661,PROGRAMADO,5,2026-05,0.0
2320661,2320661,PROGRAMADO,7,2026-07,0.0
2320661,2320661,PROGRAMADO,4,2026-04,0.0
2320661,2320661,PROGRAMADO,10,2026-10,0.0
2320661,2320661,PROGRAMADO,6,2026-06,0.0
2320661,2320661,PROGRAMADO,12,2026-12,0.0
2697718,2697718,PROGRAMADO,4,2026-04,0.0
2697718,2697718,PROGRAMADO,11,2026-11,0.0
2697718,2697718,PROGRAMADO,12,2026-12,0.0
2697718,2697718,PROGRAMADO,3,2026-03,0.0
2697718,2697718,PROGRAMADO,7,2026-07,0.0
2697718,2697718,PROGRAMADO,8,2026-08,0.0
2697718,2697718,PROGRAMADO,1,2026-01,0.0
2697718,2697718,PROGRAMADO,2,2026-02,0.0
2697718,2697718,PROGRAMADO,6,2026-06,0.0
2697718,2697718,PROGRAMADO,9,2026-09,0.0
2697718,2697718,PROGRAMADO,5,2026-05,0.0
2697718,2697718,PROGRAMADO,10,2026-10,0.0
2647097,2647097,PROGRAMADO,4,2026-04,0.0
2647097,2647097,PROGRAMADO,5,2026-05,0.0
2647097,2647097,PROGRAMADO,9,2026-09,0.0
2647097,2647097,PROGRAMADO,11,2026-11,0.0
2647097,2647097,PROGRAMADO,6,2026-06,0.16
2647097,2647097,PROGRAMADO,2,2026-02,0.0
2647097,2647097,PROGRAMADO,3,2026-03,0.0
2647097,2647097,PROGRAMADO,7,2026-07,0.0
2647097,2647097,PROGRAMADO,8,2026-08,0.0
2647097,2647097,PROGRAMADO,10,2026-10,0.0
2647097,2647097,PROGRAMADO,12,2026-12,0.0
2647097,2647097,PROGRAMADO,1,2026-01,0.0
2715454,2715454,PROGRAMADO,4,2026-04,0.0
2715454,2715454,PROGRAMADO,1,2026-01,0.0
2715454,2715454,PROGRAMADO,3,2026-03,0.0
2715454,2715454,PROGRAMADO,6,2026-06,0.0
2715454,2715454,PROGRAMADO,5,2026-05,0.0
2715454,2715454,PROGRAMADO,7,2026-07,0.0
2715454,2715454,PROGRAMADO,9,2026-09,0.0
2715454,2715454,PROGRAMADO,10,2026-10,0.0
2715454,2715454,PROGRAMADO,8,2026-08,0.0
2715454,2715454,PROGRAMADO,12,2026-12,0.0
2715454,2715454,PROGRAMADO,2,2026-02,0.0
2715454,2715454,PROGRAMADO,11,2026-11,0.0
2423388,2423388,PROGRAMADO,6,2026-06,0.0
2423388,2423388,PROGRAMADO,11,2026-11,0.0
2423388,2423388,PROGRAMADO,1,2026-01,0.0
2423388,2423388,PROGRAMADO,3,2026-03,0.0
2423388,2423388,PROGRAMADO,4,2026-04,0.0
2423388,2423388,PROGRAMADO,7,2026-07,0.0
2423388,2423388,PROGRAMADO,12,2026-12,4119750.0
2423388,2423388,PROGRAMADO,2,2026-02,0.0
2423388,2423388,PROGRAMADO,5,2026-05,0.0
2423388,2423388,PROGRAMADO,8,2026-08,0.0
2423388,2423388,PROGRAMADO,10,2026-10,0.0
2423388,2423388,PROGRAMADO,9,2026-09,0.0
2541814,2541814,PROGRAMADO,10,2026-10,0.0
2541814,2541814,PROGRAMADO,3,2026-03,0.0
2541814,2541814,PROGRAMADO,6,2026-06,0.0
2541814,2541814,PROGRAMADO,8,2026-08,0.0
2541814,2541814,PROGRAMADO,4,2026-04,0.0
2541814,2541814,PROGRAMADO,7,2026-07,0.0
2541814,2541814,PROGRAMADO,11,2026-11,0.0
2541814,2541814,PROGRAMADO,5,2026-05,0.0
2541814,2541814,PROGRAMADO,12,2026-12,0.0
2541814,2541814,PROGRAMADO,1,2026-01,0.0
2541814,2541814,PROGRAMADO,2,2026-02,0.0
2541814,2541814,PROGRAMADO,9,2026-09,0.0
2666634,2666634,PROGRAMADO,3,2026-03,0.0
2666634,2666634,PROGRAMADO,6,2026-06,0.0
2666634,2666634,PROGRAMADO,2,2026-02,0.0
2666634,2666634,PROGRAMADO,4,2026-04,0.0
2666634,2666634,PROGRAMADO,1,2026-01,0.0
2666634,2666634,PROGRAMADO,5,2026-05,0.0
2666634,2666634,PROGRAMADO,8,2026-08,0.0
2666634,2666634,PROGRAMADO,10,2026-10,0.0
2666634,2666634,PROGRAMADO,7,2026-07,0.0
2666634,2666634,PROGRAMADO,9,2026-09,0.0
2666634,2666634,PROGRAMADO,11,2026-11,0.0
2666634,2666634,PROGRAMADO,12,2026-12,0.0
2692290,2692290,PROGRAMADO,5,2026-05,0.0
2692290,2692290,PROGRAMADO,6,2026-06,0.0
2692290,2692290,PROGRAMADO,8,2026-08,0.0
2692290,2692290,PROGRAMADO,2,2026-02,230957.5
2692290,2692290,PROGRAMADO,3,2026-03,230957.5
2692290,2692290,PROGRAMADO,4,2026-04,230957.5
2692290,2692290,PROGRAMADO,9,2026-09,0.0
2692290,2692290,PROGRAMADO,1,2026-01,230957.5
2692290,2692290,PROGRAMADO,10,2026-10,0.0
2692290,2692290,PROGRAMADO,12,2026-12,0.0
2692290,2692290,PROGRAMADO,11,2026-11,0.0
2692290,2692290,PROGRAMADO,7,2026-07,0.0
2610614,2610614,PROGRAMADO,6,2026-06,0.0
2610614,2610614,PROGRAMADO,7,2026-07,0.0
2610614,2610614,PROGRAMADO,8,2026-08,0.0
2610614,2610614,PROGRAMADO,10,2026-10,0.0
2610614,2610614,PROGRAMADO,1,2026-01,0.0
2610614,2610614,PROGRAMADO,9,2026-09,0.0
2610614,2610614,PROGRAMADO,12,2026-12,0.0
2610614,2610614,PROGRAMADO,4,2026-04,0.0
2610614,2610614,PROGRAMADO,5,2026-05,0.0
2610614,2610614,PROGRAMADO,11,2026-11,0.0
2610614,2610614,PROGRAMADO,2,2026-02,0.0
2610614,2610614,PROGRAMADO,3,2026-03,0.0
2709662,2709662,PROGRAMADO,5,2026-05,171026.3
2709662,2709662,PROGRAMADO,8,2026-08,0.0
2709662,2709662,PROGRAMADO,10,2026-10,0.0
2709662,2709662,PROGRAMADO,2,2026-02,40000.0
2709662,2709662,PROGRAMADO,3,2026-03,171026.3
2709662,2709662,PROGRAMADO,7,2026-07,0.0
2709662,2709662,PROGRAMADO,12,2026-12,0.0
2709662,2709662,PROGRAMADO,1,2026-01,0.0
2709662,2709662,PROGRAMADO,4,2026-04,171026.3
2709662,2709662,PROGRAMADO,11,2026-11,0.0
2709662,2709662,PROGRAMADO,9,2026-09,0.0
2709662,2709662,PROGRAMADO,6,2026-06,0.0
2651835,2651835,PROGRAMADO,6,2026-06,0.0
2651835,2651835,PROGRAMADO,5,2026-05,0.0
2651835,2651835,PROGRAMADO,11,2026-11,0.0
2651835,2651835,PROGRAMADO,8,2026-08,0.0
2651835,2651835,PROGRAMADO,10,2026-10,0.0
2651835,2651835,PROGRAMADO,3,2026-03,0.0
2651835,2651835,PROGRAMADO,4,2026-04,0.0
2651835,2651835,PROGRAMADO,9,2026-09,0.0
2651835,2651835,PROGRAMADO,12,2026-12,0.0
2651835,2651835,PROGRAMADO,1,2026-01,0.0
2651835,2651835,PROGRAMADO,2,2026-02,0.0
2651835,2651835,PROGRAMADO,7,2026-07,0.0
2508582,2508582,PROGRAMADO,3,2026-03,0.0
2508582,2508582,PROGRAMADO,9,2026-09,0.0
2508582,2508582,PROGRAMADO,5,2026-05,0.0
2508582,2508582,PROGRAMADO,10,2026-10,0.0
2508582,2508582,PROGRAMADO,8,2026-08,0.0
2508582,2508582,PROGRAMADO,1,2026-01,0.0
2508582,2508582,PROGRAMADO,6,2026-06,0.0
2508582,2508582,PROGRAMADO,4,2026-04,0.0
2508582,2508582,PROGRAMADO,11,2026-11,0.0
2508582,2508582,PROGRAMADO,12,2026-12,0.0
2508582,2508582,PROGRAMADO,2,2026-02,0.0
2508582,2508582,PROGRAMADO,7,2026-07,0.0
2547741,2547741,PROGRAMADO,6,2026-06,0.0
2547741,2547741,PROGRAMADO,4,2026-04,20000.0
2547741,2547741,PROGRAMADO,10,2026-10,0.0
2547741,2547741,PROGRAMADO,1,2026-01,0.0
2547741,2547741,PROGRAMADO,2,2026-02,30000.0
2547741,2547741,PROGRAMADO,7,2026-07,0.0
2547741,2547741,PROGRAMADO,9,2026-09,0.0
2547741,2547741,PROGRAMADO,11,2026-11,0.0
2547741,2547741,PROGRAMADO,5,2026-05,0.0
2547741,2547741,PROGRAMADO,8,2026-08,0.0
2547741,2547741,PROGRAMADO,3,2026-03,50000.0
2547741,2547741,PROGRAMADO,12,2026-12,0.0
2689534,2689534,PROGRAMADO,1,2026-01,0.0
2689534,2689534,PROGRAMADO,11,2026-11,236665.91
2689534,2689534,PROGRAMADO,8,2026-08,236665.91
2689534,2689534,PROGRAMADO,6,2026-06,0.0
2689534,2689534,PROGRAMADO,7,2026-07,236665.91
2689534,2689534,PROGRAMADO,4,2026-04,0.0
2689534,2689534,PROGRAMADO,9,2026-09,236665.91
2689534,2689534,PROGRAMADO,10,2026-10,236665.91
2689534,2689534,PROGRAMADO,2,2026-02,0.0
2689534,2689534,PROGRAMADO,5,2026-05,0.0
2689534,2689534,PROGRAMADO,12,2026-12,236665.91
2689534,2689534,PROGRAMADO,3,2026-03,0.0
2619442,2619442,PROGRAMADO,4,2026-04,0.0
2619442,2619442,PROGRAMADO,9,2026-09,0.0
2619442,2619442,PROGRAMADO,1,2026-01,0.0
2619442,2619442,PROGRAMADO,2,2026-02,0.0
2619442,2619442,PROGRAMADO,10,2026-10,0.0
2619442,2619442,PROGRAMADO,8,2026-08,0.0
2619442,2619442,PROGRAMADO,12,2026-12,0.0
2619442,2619442,PROGRAMADO,3,2026-03,0.0
2619442,2619442,PROGRAMADO,6,2026-06,0.0
2619442,2619442,PROGRAMADO,7,2026-07,0.0
2619442,2619442,PROGRAMADO,11,2026-11,0.0
2619442,2619442,PROGRAMADO,5,2026-05,0.0
2598839,2598839,PROGRAMADO,7,2026-07,0.0
2598839,2598839,PROGRAMADO,12,2026-12,0.0
2598839,2598839,PROGRAMADO,3,2026-03,0.0
2598839,2598839,PROGRAMADO,8,2026-08,0.0
2598839,2598839,PROGRAMADO,10,2026-10,0.0
2598839,2598839,PROGRAMADO,1,2026-01,0.0
2598839,2598839,PROGRAMADO,4,2026-04,0.0
2598839,2598839,PROGRAMADO,6,2026-06,0.0
2598839,2598839,PROGRAMADO,9,2026-09,0.0
2598839,2598839,PROGRAMADO,11,2026-11,0.0
2598839,2598839,PROGRAMADO,2,2026-02,0.0
2598839,2598839,PROGRAMADO,5,2026-05,0.0
2537519,2537519,PROGRAMADO,2,2026-02,0.0
2537519,2537519,PROGRAMADO,5,2026-05,0.0
2537519,2537519,PROGRAMADO,8,2026-08,0.0
2537519,2537519,PROGRAMADO,1,2026-01,0.0
2537519,2537519,PROGRAMADO,11,2026-11,0.0
2537519,2537519,PROGRAMADO,4,2026-04,0.0
2537519,2537519,PROGRAMADO,10,2026-10,0.0
2537519,2537519,PROGRAMADO,7,2026-07,0.0
2537519,2537519,PROGRAMADO,9,2026-09,3500000.0
2537519,2537519,PROGRAMADO,3,2026-03,0.0
2537519,2537519,PROGRAMADO,6,2026-06,0.0
2537519,2537519,PROGRAMADO,12,2026-12,0.0
2463306,2463306,PROGRAMADO,2,2026-02,0.0
2463306,2463306,PROGRAMADO,3,2026-03,0.0
2463306,2463306,PROGRAMADO,10,2026-10,0.0
2463306,2463306,PROGRAMADO,4,2026-04,4000000.0
2463306,2463306,PROGRAMADO,6,2026-06,0.0
2463306,2463306,PROGRAMADO,7,2026-07,0.0
2463306,2463306,PROGRAMADO,9,2026-09,0.0
2463306,2463306,PROGRAMADO,5,2026-05,0.0
2463306,2463306,PROGRAMADO,1,2026-01,0.0
2463306,2463306,PROGRAMADO,11,2026-11,0.0
2463306,2463306,PROGRAMADO,8,2026-08,0.0
2463306,2463306,PROGRAMADO,12,2026-12,0.0
2131121,2131121,PROGRAMADO,6,2026-06,0.0
2131121,2131121,PROGRAMADO,11,2026-11,0.0
2131121,2131121,PROGRAMADO,8,2026-08,0.0
2131121,2131121,PROGRAMADO,10,2026-10,0.0
2131121,2131121,PROGRAMADO,5,2026-05,0.0
2131121,2131121,PROGRAMADO,1,2026-01,0.0
2131121,2131121,PROGRAMADO,9,2026-09,0.0
2131121,2131121,PROGRAMADO,12,2026-12,0.0
2131121,2131121,PROGRAMADO,2,2026-02,0.0
2131121,2131121,PROGRAMADO,3,2026-03,0.0
2131121,2131121,PROGRAMADO,4,2026-04,0.0
2131121,2131121,PROGRAMADO,7,2026-07,0.0
2705730,2705730,PROGRAMADO,8,2026-08,0.0
2705730,2705730,PROGRAMADO,4,2026-04,0.0
2705730,2705730,PROGRAMADO,12,2026-12,0.0
2705730,2705730,PROGRAMADO,9,2026-09,207072.25
2705730,2705730,PROGRAMADO,7,2026-07,0.0
2705730,2705730,PROGRAMADO,10,2026-10,207072.25
2705730,2705730,PROGRAMADO,11,2026-11,0.0
2705730,2705730,PROGRAMADO,2,2026-02,0.0
2705730,2705730,PROGRAMADO,3,2026-03,0.0
2705730,2705730,PROGRAMADO,1,2026-01,0.0
2705730,2705730,PROGRAMADO,5,2026-05,0.0
2705730,2705730,PROGRAMADO,6,2026-06,0.0
2694850,2694850,PROGRAMADO,3,2026-03,0.0
2694850,2694850,PROGRAMADO,10,2026-10,0.0
2694850,2694850,PROGRAMADO,2,2026-02,0.0
2694850,2694850,PROGRAMADO,7,2026-07,0.0
2694850,2694850,PROGRAMADO,11,2026-11,0.0
2694850,2694850,PROGRAMADO,5,2026-05,0.0
2694850,2694850,PROGRAMADO,1,2026-01,0.0
2694850,2694850,PROGRAMADO,8,2026-08,0.0
2694850,2694850,PROGRAMADO,6,2026-06,1390.0
2694850,2694850,PROGRAMADO,4,2026-04,0.0
2694850,2694850,PROGRAMADO,9,2026-09,0.0
2694850,2694850,PROGRAMADO,12,2026-12,0.0
2534303,2534303,PROGRAMADO,4,2026-04,2500.0
2534303,2534303,PROGRAMADO,9,2026-09,0.0
2534303,2534303,PROGRAMADO,6,2026-06,2050.0
2534303,2534303,PROGRAMADO,3,2026-03,3500.0
2534303,2534303,PROGRAMADO,5,2026-05,1950.0
2534303,2534303,PROGRAMADO,1,2026-01,0.0
2534303,2534303,PROGRAMADO,10,2026-10,0.0
2534303,2534303,PROGRAMADO,2,2026-02,0.0
2534303,2534303,PROGRAMADO,8,2026-08,0.0
2534303,2534303,PROGRAMADO,12,2026-12,0.0
2534303,2534303,PROGRAMADO,7,2026-07,0.0
2534303,2534303,PROGRAMADO,11,2026-11,0.0
2513814,2513814,PROGRAMADO,2,2026-02,0.0
2513814,2513814,PROGRAMADO,3,2026-03,0.0
2513814,2513814,PROGRAMADO,1,2026-01,0.0
2513814,2513814,PROGRAMADO,8,2026-08,0.0
2513814,2513814,PROGRAMADO,9,2026-09,0.0
2513814,2513814,PROGRAMADO,12,2026-12,930000.0
2513814,2513814,PROGRAMADO,11,2026-11,750000.0
2513814,2513814,PROGRAMADO,6,2026-06,0.0
2513814,2513814,PROGRAMADO,4,2026-04,0.0
2513814,2513814,PROGRAMADO,5,2026-05,0.0
2513814,2513814,PROGRAMADO,7,2026-07,0.0
2513814,2513814,PROGRAMADO,10,2026-10,500000.0
2645720,2645720,PROGRAMADO,1,2026-01,44170.0
2645720,2645720,PROGRAMADO,10,2026-10,0.0
2645720,2645720,PROGRAMADO,7,2026-07,0.0
2645720,2645720,PROGRAMADO,12,2026-12,0.0
2645720,2645720,PROGRAMADO,3,2026-03,66310.0
2645720,2645720,PROGRAMADO,4,2026-04,0.0
2645720,2645720,PROGRAMADO,6,2026-06,0.0
2645720,2645720,PROGRAMADO,8,2026-08,0.0
2645720,2645720,PROGRAMADO,9,2026-09,0.0
2645720,2645720,PROGRAMADO,5,2026-05,0.0
2645720,2645720,PROGRAMADO,2,2026-02,52520.0
2645720,2645720,PROGRAMADO,11,2026-11,0.0
2502134,2502134,PROGRAMADO,3,2026-03,0.0
2502134,2502134,PROGRAMADO,9,2026-09,0.0
2502134,2502134,PROGRAMADO,11,2026-11,8915000.0
2502134,2502134,PROGRAMADO,4,2026-04,0.0
2502134,2502134,PROGRAMADO,5,2026-05,5000000.0
2502134,2502134,PROGRAMADO,12,2026-12,0.0
2502134,2502134,PROGRAMADO,2,2026-02,0.0
2502134,2502134,PROGRAMADO,6,2026-06,0.0
2502134,2502134,PROGRAMADO,7,2026-07,0.0
2502134,2502134,PROGRAMADO,10,2026-10,0.0
2502134,2502134,PROGRAMADO,1,2026-01,0.0
2502134,2502134,PROGRAMADO,8,2026-08,7560000.0
2703429,2703429,PROGRAMADO,1,2026-01,0.0
2703429,2703429,PROGRAMADO,2,2026-02,0.0
2703429,2703429,PROGRAMADO,7,2026-07,0.0
2703429,2703429,PROGRAMADO,11,2026-11,0.0
2703429,2703429,PROGRAMADO,8,2026-08,0.0
2703429,2703429,PROGRAMADO,12,2026-12,0.0
2703429,2703429,PROGRAMADO,5,2026-05,0.0
2703429,2703429,PROGRAMADO,6,2026-06,0.0
2703429,2703429,PROGRAMADO,3,2026-03,0.0
2703429,2703429,PROGRAMADO,4,2026-04,0.0
2703429,2703429,PROGRAMADO,9,2026-09,0.0
2703429,2703429,PROGRAMADO,10,2026-10,0.0
2716925,2716925,PROGRAMADO,1,2026-01,0.0
2716925,2716925,PROGRAMADO,2,2026-02,0.0
2716925,2716925,PROGRAMADO,6,2026-06,43000.0
2716925,2716925,PROGRAMADO,8,2026-08,0.0
2716925,2716925,PROGRAMADO,10,2026-10,0.0
2716925,2716925,PROGRAMADO,4,2026-04,0.0
2716925,2716925,PROGRAMADO,9,2026-09,0.0
2716925,2716925,PROGRAMADO,3,2026-03,0.0
2716925,2716925,PROGRAMADO,7,2026-07,0.0
2716925,2716925,PROGRAMADO,5,2026-05,0.0
2716925,2716925,PROGRAMADO,11,2026-11,0.0
2716925,2716925,PROGRAMADO,12,2026-12,0.0
2569808,2569808,PROGRAMADO,1,2026-01,18995.0
2569808,2569808,PROGRAMADO,7,2026-07,0.0
2569808,2569808,PROGRAMADO,2,2026-02,50000.0
2569808,2569808,PROGRAMADO,3,2026-03,100000.0
2569808,2569808,PROGRAMADO,9,2026-09,0.0
2569808,2569808,PROGRAMADO,12,2026-12,0.0
2569808,2569808,PROGRAMADO,4,2026-04,81005.0
2569808,2569808,PROGRAMADO,6,2026-06,0.0
2569808,2569808,PROGRAMADO,8,2026-08,0.0
2569808,2569808,PROGRAMADO,10,2026-10,0.0
2569808,2569808,PROGRAMADO,11,2026-11,0.0
2569808,2569808,PROGRAMADO,5,2026-05,0.0
2701241,2701241,PROGRAMADO,11,2026-11,0.0
2701241,2701241,PROGRAMADO,7,2026-07,0.0
2701241,2701241,PROGRAMADO,2,2026-02,0.0
2701241,2701241,PROGRAMADO,5,2026-05,0.0
2701241,2701241,PROGRAMADO,1,2026-01,0.0
2701241,2701241,PROGRAMADO,8,2026-08,0.0
2701241,2701241,PROGRAMADO,6,2026-06,0.0
2701241,2701241,PROGRAMADO,4,2026-04,0.0
2701241,2701241,PROGRAMADO,12,2026-12,0.0
2701241,2701241,PROGRAMADO,3,2026-03,0.0
2701241,2701241,PROGRAMADO,9,2026-09,0.0
2701241,2701241,PROGRAMADO,10,2026-10,0.0
2707086,2707086,PROGRAMADO,4,2026-04,0.0
2707086,2707086,PROGRAMADO,3,2026-03,0.0
2707086,2707086,PROGRAMADO,9,2026-09,0.0
2707086,2707086,PROGRAMADO,10,2026-10,0.0
2707086,2707086,PROGRAMADO,2,2026-02,0.0
2707086,2707086,PROGRAMADO,5,2026-05,0.0
2707086,2707086,PROGRAMADO,11,2026-11,0.0
2707086,2707086,PROGRAMADO,7,2026-07,0.0
2707086,2707086,PROGRAMADO,6,2026-06,0.0
2707086,2707086,PROGRAMADO,1,2026-01,0.0
2707086,2707086,PROGRAMADO,8,2026-08,0.0
2707086,2707086,PROGRAMADO,12,2026-12,0.0
2624701,2624701,PROGRAMADO,8,2026-08,0.0
2624701,2624701,PROGRAMADO,12,2026-12,0.0
2624701,2624701,PROGRAMADO,4,2026-04,81565.78
2624701,2624701,PROGRAMADO,9,2026-09,0.0
2624701,2624701,PROGRAMADO,10,2026-10,0.0
2624701,2624701,PROGRAMADO,6,2026-06,0.0
2624701,2624701,PROGRAMADO,2,2026-02,0.0
2624701,2624701,PROGRAMADO,5,2026-05,0.0
2624701,2624701,PROGRAMADO,11,2026-11,0.0
2624701,2624701,PROGRAMADO,1,2026-01,0.0
2624701,2624701,PROGRAMADO,3,2026-03,0.0
2624701,2624701,PROGRAMADO,7,2026-07,0.0
2476686,2476686,PROGRAMADO,3,2026-03,0.0
2476686,2476686,PROGRAMADO,6,2026-06,0.0
2476686,2476686,PROGRAMADO,9,2026-09,108736.2
2476686,2476686,PROGRAMADO,10,2026-10,70115.32
2476686,2476686,PROGRAMADO,11,2026-11,1503558.72
2476686,2476686,PROGRAMADO,1,2026-01,0.0
2476686,2476686,PROGRAMADO,8,2026-08,0.0
2476686,2476686,PROGRAMADO,12,2026-12,5316635.0
2476686,2476686,PROGRAMADO,7,2026-07,0.0
2476686,2476686,PROGRAMADO,4,2026-04,0.0
2476686,2476686,PROGRAMADO,2,2026-02,0.0
2476686,2476686,PROGRAMADO,5,2026-05,0.0
2692733,2692733,PROGRAMADO,7,2026-07,0.0
2692733,2692733,PROGRAMADO,10,2026-10,0.0
2692733,2692733,PROGRAMADO,11,2026-11,0.0
2692733,2692733,PROGRAMADO,12,2026-12,0.0
2692733,2692733,PROGRAMADO,5,2026-05,0.0
2692733,2692733,PROGRAMADO,8,2026-08,0.0
2692733,2692733,PROGRAMADO,3,2026-03,0.0
2692733,2692733,PROGRAMADO,9,2026-09,0.0
2692733,2692733,PROGRAMADO,1,2026-01,0.0
2692733,2692733,PROGRAMADO,2,2026-02,0.0
2692733,2692733,PROGRAMADO,4,2026-04,0.0
2692733,2692733,PROGRAMADO,6,2026-06,279160.0
2691575,2691575,PROGRAMADO,2,2026-02,0.0
2691575,2691575,PROGRAMADO,4,2026-04,119695.79
2691575,2691575,PROGRAMADO,10,2026-10,119695.79
2691575,2691575,PROGRAMADO,7,2026-07,119695.79
2691575,2691575,PROGRAMADO,3,2026-03,119695.79
2691575,2691575,PROGRAMADO,6,2026-06,119695.79
2691575,2691575,PROGRAMADO,8,2026-08,119695.79
2691575,2691575,PROGRAMADO,12,2026-12,119695.83
2691575,2691575,PROGRAMADO,1,2026-01,0.0
2691575,2691575,PROGRAMADO,5,2026-05,119695.79
2691575,2691575,PROGRAMADO,9,2026-09,119695.79
2691575,2691575,PROGRAMADO,11,2026-11,119695.79
2250100,2250100,PROGRAMADO,9,2026-09,0.0
2250100,2250100,PROGRAMADO,6,2026-06,0.0
2250100,2250100,PROGRAMADO,1,2026-01,0.0
2250100,2250100,PROGRAMADO,2,2026-02,9750.0
2250100,2250100,PROGRAMADO,7,2026-07,0.0
2250100,2250100,PROGRAMADO,4,2026-04,0.0
2250100,2250100,PROGRAMADO,5,2026-05,0.0
2250100,2250100,PROGRAMADO,8,2026-08,0.0
2250100,2250100,PROGRAMADO,3,2026-03,168168.48
2250100,2250100,PROGRAMADO,10,2026-10,0.0
2250100,2250100,PROGRAMADO,11,2026-11,0.0
2250100,2250100,PROGRAMADO,12,2026-12,0.0
2698600,2698600,PROGRAMADO,4,2026-04,0.0
2698600,2698600,PROGRAMADO,8,2026-08,0.0
2698600,2698600,PROGRAMADO,2,2026-02,0.0
2698600,2698600,PROGRAMADO,5,2026-05,0.0
2698600,2698600,PROGRAMADO,6,2026-06,0.0
2698600,2698600,PROGRAMADO,7,2026-07,0.0
2698600,2698600,PROGRAMADO,11,2026-11,0.0
2698600,2698600,PROGRAMADO,12,2026-12,0.0
2698600,2698600,PROGRAMADO,1,2026-01,0.0
2698600,2698600,PROGRAMADO,9,2026-09,0.0
2698600,2698600,PROGRAMADO,10,2026-10,0.0
2698600,2698600,PROGRAMADO,3,2026-03,0.0
2709847,2709847,PROGRAMADO,1,2026-01,0.0
2709847,2709847,PROGRAMADO,3,2026-03,0.0
2709847,2709847,PROGRAMADO,10,2026-10,0.0
2709847,2709847,PROGRAMADO,4,2026-04,0.0
2709847,2709847,PROGRAMADO,9,2026-09,0.0
2709847,2709847,PROGRAMADO,6,2026-06,0.0
2709847,2709847,PROGRAMADO,11,2026-11,0.0
2709847,2709847,PROGRAMADO,8,2026-08,0.0
2709847,2709847,PROGRAMADO,12,2026-12,0.0
2709847,2709847,PROGRAMADO,2,2026-02,0.0
2709847,2709847,PROGRAMADO,5,2026-05,0.0
2709847,2709847,PROGRAMADO,7,2026-07,0.0
2689758,2689758,PROGRAMADO,7,2026-07,0.0
2689758,2689758,PROGRAMADO,2,2026-02,0.0
2689758,2689758,PROGRAMADO,3,2026-03,0.0
2689758,2689758,PROGRAMADO,5,2026-05,0.0
2689758,2689758,PROGRAMADO,1,2026-01,0.0
2689758,2689758,PROGRAMADO,6,2026-06,0.0
2689758,2689758,PROGRAMADO,11,2026-11,0.0
2689758,2689758,PROGRAMADO,9,2026-09,0.0
2689758,2689758,PROGRAMADO,10,2026-10,0.0
2689758,2689758,PROGRAMADO,4,2026-04,0.0
2689758,2689758,PROGRAMADO,8,2026-08,0.0
2689758,2689758,PROGRAMADO,12,2026-12,0.0
2494818,2494818,PROGRAMADO,5,2026-05,0.0
2494818,2494818,PROGRAMADO,6,2026-06,0.0
2494818,2494818,PROGRAMADO,2,2026-02,0.0
2494818,2494818,PROGRAMADO,12,2026-12,0.0
2494818,2494818,PROGRAMADO,1,2026-01,0.0
2494818,2494818,PROGRAMADO,4,2026-04,0.0
2494818,2494818,PROGRAMADO,11,2026-11,0.0
2494818,2494818,PROGRAMADO,3,2026-03,0.0
2494818,2494818,PROGRAMADO,7,2026-07,0.0
2494818,2494818,PROGRAMADO,8,2026-08,0.0
2494818,2494818,PROGRAMADO,9,2026-09,0.0
2494818,2494818,PROGRAMADO,10,2026-10,0.0
2076673,2076673,PROGRAMADO,7,2026-07,0.0
2076673,2076673,PROGRAMADO,11,2026-11,0.0
2076673,2076673,PROGRAMADO,3,2026-03,0.0
2076673,2076673,PROGRAMADO,6,2026-06,0.0
2076673,2076673,PROGRAMADO,8,2026-08,0.0
2076673,2076673,PROGRAMADO,10,2026-10,0.0
2076673,2076673,PROGRAMADO,12,2026-12,0.0
2076673,2076673,PROGRAMADO,9,2026-09,0.0
2076673,2076673,PROGRAMADO,4,2026-04,6000.0
2076673,2076673,PROGRAMADO,5,2026-05,7672.14
2076673,2076673,PROGRAMADO,1,2026-01,0.0
2076673,2076673,PROGRAMADO,2,2026-02,0.0
2526438,2526438,PROGRAMADO,10,2026-10,0.0
2526438,2526438,PROGRAMADO,1,2026-01,0.0
2526438,2526438,PROGRAMADO,2,2026-02,0.0
2526438,2526438,PROGRAMADO,9,2026-09,0.0
2526438,2526438,PROGRAMADO,5,2026-05,0.0
2526438,2526438,PROGRAMADO,7,2026-07,0.0
2526438,2526438,PROGRAMADO,11,2026-11,0.0
2526438,2526438,PROGRAMADO,12,2026-12,0.0
2526438,2526438,PROGRAMADO,3,2026-03,0.0
2526438,2526438,PROGRAMADO,4,2026-04,0.0
2526438,2526438,PROGRAMADO,6,2026-06,0.0
2526438,2526438,PROGRAMADO,8,2026-08,0.0
2589727,2589727,PROGRAMADO,7,2026-07,30000.0
2589727,2589727,PROGRAMADO,1,2026-01,0.0
2589727,2589727,PROGRAMADO,3,2026-03,65000.0
2589727,2589727,PROGRAMADO,9,2026-09,0.0
2589727,2589727,PROGRAMADO,11,2026-11,0.0
2589727,2589727,PROGRAMADO,12,2026-12,0.0
2589727,2589727,PROGRAMADO,2,2026-02,0.0
2589727,2589727,PROGRAMADO,6,2026-06,0.0
2589727,2589727,PROGRAMADO,4,2026-04,0.0
2589727,2589727,PROGRAMADO,8,2026-08,0.0
2589727,2589727,PROGRAMADO,5,2026-05,0.0
2589727,2589727,PROGRAMADO,10,2026-10,0.0
2632679,2632679,PROGRAMADO,4,2026-04,0.0
2632679,2632679,PROGRAMADO,6,2026-06,0.0
2632679,2632679,PROGRAMADO,2,2026-02,0.0
2632679,2632679,PROGRAMADO,1,2026-01,0.0
2632679,2632679,PROGRAMADO,3,2026-03,0.0
2632679,2632679,PROGRAMADO,5,2026-05,0.0
2632679,2632679,PROGRAMADO,7,2026-07,0.0
2632679,2632679,PROGRAMADO,9,2026-09,0.0
2632679,2632679,PROGRAMADO,8,2026-08,0.0
2632679,2632679,PROGRAMADO,11,2026-11,0.0
2632679,2632679,PROGRAMADO,10,2026-10,0.0
2632679,2632679,PROGRAMADO,12,2026-12,0.0
2586825,2586825,PROGRAMADO,2,2026-02,78495.08
2586825,2586825,PROGRAMADO,9,2026-09,0.0
2586825,2586825,PROGRAMADO,6,2026-06,87631.96
2586825,2586825,PROGRAMADO,3,2026-03,98887.08
2586825,2586825,PROGRAMADO,4,2026-04,95335.08
2586825,2586825,PROGRAMADO,5,2026-05,93335.08
2586825,2586825,PROGRAMADO,7,2026-07,0.0
2586825,2586825,PROGRAMADO,10,2026-10,0.0
2586825,2586825,PROGRAMADO,8,2026-08,0.0
2586825,2586825,PROGRAMADO,11,2026-11,0.0
2586825,2586825,PROGRAMADO,1,2026-01,22897.72
2586825,2586825,PROGRAMADO,12,2026-12,0.0
2606568,2606568,PROGRAMADO,4,2026-04,45436.02
2606568,2606568,PROGRAMADO,7,2026-07,0.0
2606568,2606568,PROGRAMADO,11,2026-11,0.0
2606568,2606568,PROGRAMADO,8,2026-08,0.0
2606568,2606568,PROGRAMADO,1,2026-01,0.0
2606568,2606568,PROGRAMADO,5,2026-05,0.0
2606568,2606568,PROGRAMADO,6,2026-06,0.0
2606568,2606568,PROGRAMADO,9,2026-09,0.0
2606568,2606568,PROGRAMADO,12,2026-12,0.0
2606568,2606568,PROGRAMADO,2,2026-02,0.0
2606568,2606568,PROGRAMADO,10,2026-10,0.0
2606568,2606568,PROGRAMADO,3,2026-03,0.0
2656973,2656973,PROGRAMADO,3,2026-03,0.0
2656973,2656973,PROGRAMADO,4,2026-04,0.0
2656973,2656973,PROGRAMADO,5,2026-05,0.0
2656973,2656973,PROGRAMADO,7,2026-07,0.0
2656973,2656973,PROGRAMADO,9,2026-09,0.0
2656973,2656973,PROGRAMADO,2,2026-02,0.0
2656973,2656973,PROGRAMADO,12,2026-12,0.0
2656973,2656973,PROGRAMADO,1,2026-01,0.0
2656973,2656973,PROGRAMADO,6,2026-06,0.0
2656973,2656973,PROGRAMADO,10,2026-10,0.0
2656973,2656973,PROGRAMADO,11,2026-11,0.0
2656973,2656973,PROGRAMADO,8,2026-08,0.0
2593439,2593439,PROGRAMADO,3,2026-03,0.0
2593439,2593439,PROGRAMADO,5,2026-05,0.0
2593439,2593439,PROGRAMADO,9,2026-09,0.0
2593439,2593439,PROGRAMADO,10,2026-10,0.0
2593439,2593439,PROGRAMADO,12,2026-12,0.0
2593439,2593439,PROGRAMADO,1,2026-01,0.0
2593439,2593439,PROGRAMADO,4,2026-04,0.0
2593439,2593439,PROGRAMADO,11,2026-11,0.0
2593439,2593439,PROGRAMADO,2,2026-02,0.0
2593439,2593439,PROGRAMADO,6,2026-06,0.0
2593439,2593439,PROGRAMADO,7,2026-07,0.0
2593439,2593439,PROGRAMADO,8,2026-08,0.0
2540380,2540380,PROGRAMADO,7,2026-07,0.0
2540380,2540380,PROGRAMADO,5,2026-05,34387.73
2540380,2540380,PROGRAMADO,6,2026-06,431043.66
2540380,2540380,PROGRAMADO,8,2026-08,0.0
2540380,2540380,PROGRAMADO,10,2026-10,0.0
2540380,2540380,PROGRAMADO,1,2026-01,79993.23
2540380,2540380,PROGRAMADO,3,2026-03,302062.42
2540380,2540380,PROGRAMADO,4,2026-04,74082.05
2540380,2540380,PROGRAMADO,9,2026-09,0.0
2540380,2540380,PROGRAMADO,2,2026-02,184733.09
2540380,2540380,PROGRAMADO,11,2026-11,0.0
2540380,2540380,PROGRAMADO,12,2026-12,0.0
2475326,2475326,PROGRAMADO,5,2026-05,0.0
2475326,2475326,PROGRAMADO,2,2026-02,0.0
2475326,2475326,PROGRAMADO,10,2026-10,0.0
2475326,2475326,PROGRAMADO,4,2026-04,0.0
2475326,2475326,PROGRAMADO,6,2026-06,0.0
2475326,2475326,PROGRAMADO,9,2026-09,0.0
2475326,2475326,PROGRAMADO,12,2026-12,0.0
2475326,2475326,PROGRAMADO,7,2026-07,0.0
2475326,2475326,PROGRAMADO,8,2026-08,0.0
2475326,2475326,PROGRAMADO,1,2026-01,0.0
2475326,2475326,PROGRAMADO,3,2026-03,0.0
2475326,2475326,PROGRAMADO,11,2026-11,0.0
2017492,2017492,PROGRAMADO,3,2026-03,0.0
2017492,2017492,PROGRAMADO,7,2026-07,0.0
2017492,2017492,PROGRAMADO,8,2026-08,0.0
2017492,2017492,PROGRAMADO,9,2026-09,500000.0
2017492,2017492,PROGRAMADO,12,2026-12,1500000.0
2017492,2017492,PROGRAMADO,2,2026-02,0.0
2017492,2017492,PROGRAMADO,6,2026-06,0.0
2017492,2017492,PROGRAMADO,1,2026-01,0.0
2017492,2017492,PROGRAMADO,5,2026-05,0.0
2017492,2017492,PROGRAMADO,10,2026-10,1000000.0
2017492,2017492,PROGRAMADO,11,2026-11,1000000.0
2017492,2017492,PROGRAMADO,4,2026-04,0.0
2627199,2627199,PROGRAMADO,6,2026-06,0.0
2627199,2627199,PROGRAMADO,7,2026-07,0.0
2627199,2627199,PROGRAMADO,11,2026-11,0.0
2627199,2627199,PROGRAMADO,3,2026-03,0.0
2627199,2627199,PROGRAMADO,5,2026-05,0.0
2627199,2627199,PROGRAMADO,10,2026-10,0.0
2627199,2627199,PROGRAMADO,4,2026-04,0.0
2627199,2627199,PROGRAMADO,9,2026-09,0.0
2627199,2627199,PROGRAMADO,12,2026-12,0.0
2627199,2627199,PROGRAMADO,8,2026-08,0.0
2627199,2627199,PROGRAMADO,1,2026-01,0.0
2627199,2627199,PROGRAMADO,2,2026-02,0.0
2711150,2711150,PROGRAMADO,10,2026-10,0.0
2711150,2711150,PROGRAMADO,2,2026-02,0.0
2711150,2711150,PROGRAMADO,3,2026-03,0.0
2711150,2711150,PROGRAMADO,8,2026-08,0.0
2711150,2711150,PROGRAMADO,9,2026-09,0.0
2711150,2711150,PROGRAMADO,1,2026-01,0.0
2711150,2711150,PROGRAMADO,11,2026-11,0.0
2711150,2711150,PROGRAMADO,12,2026-12,0.0
2711150,2711150,PROGRAMADO,5,2026-05,0.0
2711150,2711150,PROGRAMADO,6,2026-06,0.0
2711150,2711150,PROGRAMADO,7,2026-07,0.0
2711150,2711150,PROGRAMADO,4,2026-04,0.0
2458244,2458244,PROGRAMADO,1,2026-01,0.0
2458244,2458244,PROGRAMADO,6,2026-06,0.0
2458244,2458244,PROGRAMADO,10,2026-10,0.0
2458244,2458244,PROGRAMADO,11,2026-11,0.0
2458244,2458244,PROGRAMADO,5,2026-05,0.0
2458244,2458244,PROGRAMADO,12,2026-12,0.0
2458244,2458244,PROGRAMADO,2,2026-02,0.0
2458244,2458244,PROGRAMADO,9,2026-09,0.0
2458244,2458244,PROGRAMADO,3,2026-03,0.0
2458244,2458244,PROGRAMADO,4,2026-04,0.0
2458244,2458244,PROGRAMADO,8,2026-08,0.0
2458244,2458244,PROGRAMADO,7,2026-07,0.0
2368594,2368594,PROGRAMADO,2,2026-02,0.0
2368594,2368594,PROGRAMADO,3,2026-03,0.0
2368594,2368594,PROGRAMADO,10,2026-10,0.0
2368594,2368594,PROGRAMADO,12,2026-12,0.0
2368594,2368594,PROGRAMADO,4,2026-04,0.0
2368594,2368594,PROGRAMADO,7,2026-07,50000.0
2368594,2368594,PROGRAMADO,8,2026-08,0.0
2368594,2368594,PROGRAMADO,11,2026-11,0.0
2368594,2368594,PROGRAMADO,1,2026-01,0.0
2368594,2368594,PROGRAMADO,5,2026-05,0.0
2368594,2368594,PROGRAMADO,6,2026-06,0.0
2368594,2368594,PROGRAMADO,9,2026-09,0.0
2646140,2646140,PROGRAMADO,3,2026-03,1000000.0
2646140,2646140,PROGRAMADO,7,2026-07,83259.0
2646140,2646140,PROGRAMADO,10,2026-10,0.0
2646140,2646140,PROGRAMADO,11,2026-11,0.0
2646140,2646140,PROGRAMADO,4,2026-04,0.0
2646140,2646140,PROGRAMADO,1,2026-01,0.0
2646140,2646140,PROGRAMADO,5,2026-05,1000000.0
2646140,2646140,PROGRAMADO,6,2026-06,200000.0
2646140,2646140,PROGRAMADO,8,2026-08,0.0
2646140,2646140,PROGRAMADO,9,2026-09,0.0
2646140,2646140,PROGRAMADO,2,2026-02,100000.0
2646140,2646140,PROGRAMADO,12,2026-12,0.0
2715358,2715358,PROGRAMADO,10,2026-10,0.0
2715358,2715358,PROGRAMADO,1,2026-01,0.0
2715358,2715358,PROGRAMADO,9,2026-09,0.0
2715358,2715358,PROGRAMADO,11,2026-11,0.0
2715358,2715358,PROGRAMADO,12,2026-12,0.0
2715358,2715358,PROGRAMADO,3,2026-03,0.0
2715358,2715358,PROGRAMADO,6,2026-06,143135.69
2715358,2715358,PROGRAMADO,2,2026-02,0.0
2715358,2715358,PROGRAMADO,5,2026-05,0.0
2715358,2715358,PROGRAMADO,7,2026-07,0.0
2715358,2715358,PROGRAMADO,4,2026-04,0.0
2715358,2715358,PROGRAMADO,8,2026-08,0.0
2620991,2620991,PROGRAMADO,2,2026-02,226907.72
2620991,2620991,PROGRAMADO,4,2026-04,343229.4
2620991,2620991,PROGRAMADO,8,2026-08,0.0
2620991,2620991,PROGRAMADO,10,2026-10,0.0
2620991,2620991,PROGRAMADO,11,2026-11,0.0
2620991,2620991,PROGRAMADO,3,2026-03,18651.58
2620991,2620991,PROGRAMADO,5,2026-05,549820.3
2620991,2620991,PROGRAMADO,9,2026-09,0.0
2620991,2620991,PROGRAMADO,12,2026-12,0.0
2620991,2620991,PROGRAMADO,1,2026-01,74820.15
2620991,2620991,PROGRAMADO,7,2026-07,0.0
2620991,2620991,PROGRAMADO,6,2026-06,0.0
2707541,2707541,PROGRAMADO,9,2026-09,0.0
2707541,2707541,PROGRAMADO,6,2026-06,0.0
2707541,2707541,PROGRAMADO,10,2026-10,0.0
2707541,2707541,PROGRAMADO,2,2026-02,0.0
2707541,2707541,PROGRAMADO,3,2026-03,0.0
2707541,2707541,PROGRAMADO,4,2026-04,0.0
2707541,2707541,PROGRAMADO,5,2026-05,0.0
2707541,2707541,PROGRAMADO,1,2026-01,0.0
2707541,2707541,PROGRAMADO,7,2026-07,0.0
2707541,2707541,PROGRAMADO,8,2026-08,0.0
2707541,2707541,PROGRAMADO,12,2026-12,0.0
2707541,2707541,PROGRAMADO,11,2026-11,0.0
2685336,2685336,PROGRAMADO,10,2026-10,0.0
2685336,2685336,PROGRAMADO,2,2026-02,0.0
2685336,2685336,PROGRAMADO,6,2026-06,89209.22
2685336,2685336,PROGRAMADO,8,2026-08,0.0
2685336,2685336,PROGRAMADO,11,2026-11,0.0
2685336,2685336,PROGRAMADO,12,2026-12,20000.0
2685336,2685336,PROGRAMADO,1,2026-01,0.0
2685336,2685336,PROGRAMADO,4,2026-04,20000.0
2685336,2685336,PROGRAMADO,7,2026-07,50000.0
2685336,2685336,PROGRAMADO,9,2026-09,0.0
2685336,2685336,PROGRAMADO,3,2026-03,20000.0
2685336,2685336,PROGRAMADO,5,2026-05,20000.0
2658639,2658639,PROGRAMADO,1,2026-01,0.0
2658639,2658639,PROGRAMADO,7,2026-07,0.0
2658639,2658639,PROGRAMADO,5,2026-05,35000.0
2658639,2658639,PROGRAMADO,2,2026-02,0.0
2658639,2658639,PROGRAMADO,10,2026-10,0.0
2658639,2658639,PROGRAMADO,12,2026-12,0.0
2658639,2658639,PROGRAMADO,4,2026-04,0.0
2658639,2658639,PROGRAMADO,6,2026-06,0.0
2658639,2658639,PROGRAMADO,9,2026-09,0.0
2658639,2658639,PROGRAMADO,3,2026-03,0.0
2658639,2658639,PROGRAMADO,8,2026-08,0.0
2658639,2658639,PROGRAMADO,11,2026-11,0.0
2500094,2500094,PROGRAMADO,4,2026-04,3903.04
2500094,2500094,PROGRAMADO,7,2026-07,0.0
2500094,2500094,PROGRAMADO,10,2026-10,0.0
2500094,2500094,PROGRAMADO,11,2026-11,0.0
2500094,2500094,PROGRAMADO,12,2026-12,87931237.0
2500094,2500094,PROGRAMADO,5,2026-05,0.0
2500094,2500094,PROGRAMADO,2,2026-02,147513.85
2500094,2500094,PROGRAMADO,3,2026-03,6036.0
2500094,2500094,PROGRAMADO,6,2026-06,0.0
2500094,2500094,PROGRAMADO,1,2026-01,278704.11
2500094,2500094,PROGRAMADO,8,2026-08,0.0
2500094,2500094,PROGRAMADO,9,2026-09,0.0
2512456,2512456,PROGRAMADO,10,2026-10,0.0
2512456,2512456,PROGRAMADO,2,2026-02,0.0
2512456,2512456,PROGRAMADO,3,2026-03,0.0
2512456,2512456,PROGRAMADO,6,2026-06,0.0
2512456,2512456,PROGRAMADO,7,2026-07,0.0
2512456,2512456,PROGRAMADO,8,2026-08,0.0
2512456,2512456,PROGRAMADO,1,2026-01,0.0
2512456,2512456,PROGRAMADO,4,2026-04,0.0
2512456,2512456,PROGRAMADO,11,2026-11,0.0
2512456,2512456,PROGRAMADO,12,2026-12,0.0
2512456,2512456,PROGRAMADO,5,2026-05,0.0
2512456,2512456,PROGRAMADO,9,2026-09,0.0
2623126,2623126,PROGRAMADO,4,2026-04,0.0
2623126,2623126,PROGRAMADO,5,2026-05,0.0
2623126,2623126,PROGRAMADO,12,2026-12,0.0
2623126,2623126,PROGRAMADO,3,2026-03,0.0
2623126,2623126,PROGRAMADO,11,2026-11,0.0
2623126,2623126,PROGRAMADO,2,2026-02,0.0
2623126,2623126,PROGRAMADO,9,2026-09,115699.34
2623126,2623126,PROGRAMADO,7,2026-07,115699.33
2623126,2623126,PROGRAMADO,8,2026-08,115699.33
2623126,2623126,PROGRAMADO,6,2026-06,0.0
2623126,2623126,PROGRAMADO,1,2026-01,0.0
2623126,2623126,PROGRAMADO,10,2026-10,0.0
2703163,2703163,PROGRAMADO,2,2026-02,0.0
2703163,2703163,PROGRAMADO,7,2026-07,0.0
2703163,2703163,PROGRAMADO,10,2026-10,0.0
2703163,2703163,PROGRAMADO,3,2026-03,0.0
2703163,2703163,PROGRAMADO,5,2026-05,0.0
2703163,2703163,PROGRAMADO,9,2026-09,0.0
2703163,2703163,PROGRAMADO,1,2026-01,0.0
2703163,2703163,PROGRAMADO,4,2026-04,0.0
2703163,2703163,PROGRAMADO,8,2026-08,0.0
2703163,2703163,PROGRAMADO,12,2026-12,0.0
2703163,2703163,PROGRAMADO,6,2026-06,0.0
2703163,2703163,PROGRAMADO,11,2026-11,0.0
2630438,2630438,PROGRAMADO,8,2026-08,500000.0
2630438,2630438,PROGRAMADO,9,2026-09,500000.0
2630438,2630438,PROGRAMADO,12,2026-12,500000.0
2630438,2630438,PROGRAMADO,6,2026-06,500000.0
2630438,2630438,PROGRAMADO,3,2026-03,500000.0
2630438,2630438,PROGRAMADO,10,2026-10,1000000.0
2630438,2630438,PROGRAMADO,11,2026-11,796816.85
2630438,2630438,PROGRAMADO,1,2026-01,500000.0
2630438,2630438,PROGRAMADO,2,2026-02,500000.0
2630438,2630438,PROGRAMADO,5,2026-05,500000.0
2630438,2630438,PROGRAMADO,7,2026-07,500000.0
2630438,2630438,PROGRAMADO,4,2026-04,500000.0
2511164,2511164,PROGRAMADO,9,2026-09,0.0
2511164,2511164,PROGRAMADO,1,2026-01,0.0
2511164,2511164,PROGRAMADO,2,2026-02,0.0
2511164,2511164,PROGRAMADO,8,2026-08,0.0
2511164,2511164,PROGRAMADO,4,2026-04,0.0
2511164,2511164,PROGRAMADO,7,2026-07,0.0
2511164,2511164,PROGRAMADO,10,2026-10,0.0
2511164,2511164,PROGRAMADO,11,2026-11,0.0
2511164,2511164,PROGRAMADO,12,2026-12,0.0
2511164,2511164,PROGRAMADO,3,2026-03,0.0
2511164,2511164,PROGRAMADO,5,2026-05,0.0
2511164,2511164,PROGRAMADO,6,2026-06,0.0
2050549,2050549,PROGRAMADO,8,2026-08,0.0
2050549,2050549,PROGRAMADO,6,2026-06,0.0
2050549,2050549,PROGRAMADO,12,2026-12,0.0
2050549,2050549,PROGRAMADO,1,2026-01,0.0
2050549,2050549,PROGRAMADO,9,2026-09,0.0
2050549,2050549,PROGRAMADO,10,2026-10,0.0
2050549,2050549,PROGRAMADO,7,2026-07,0.0
2050549,2050549,PROGRAMADO,3,2026-03,0.0
2050549,2050549,PROGRAMADO,4,2026-04,0.0
2050549,2050549,PROGRAMADO,11,2026-11,0.0
2050549,2050549,PROGRAMADO,2,2026-02,0.0
2050549,2050549,PROGRAMADO,5,2026-05,0.0
2709836,2709836,PROGRAMADO,8,2026-08,1000000.0
2709836,2709836,PROGRAMADO,10,2026-10,875000.0
2709836,2709836,PROGRAMADO,12,2026-12,500000.0
2709836,2709836,PROGRAMADO,4,2026-04,1857060.47
2709836,2709836,PROGRAMADO,1,2026-01,0.0
2709836,2709836,PROGRAMADO,5,2026-05,1468428.53
2709836,2709836,PROGRAMADO,6,2026-06,625000.0
2709836,2709836,PROGRAMADO,7,2026-07,750000.0
2709836,2709836,PROGRAMADO,11,2026-11,625000.0
2709836,2709836,PROGRAMADO,3,2026-03,0.0
2709836,2709836,PROGRAMADO,9,2026-09,1000000.0
2709836,2709836,PROGRAMADO,2,2026-02,0.0
2248739,2248739,PROGRAMADO,12,2026-12,0.0
2248739,2248739,PROGRAMADO,8,2026-08,0.0
2248739,2248739,PROGRAMADO,3,2026-03,0.0
2248739,2248739,PROGRAMADO,6,2026-06,0.0
2248739,2248739,PROGRAMADO,7,2026-07,0.0
2248739,2248739,PROGRAMADO,4,2026-04,38000.0
2248739,2248739,PROGRAMADO,9,2026-09,0.0
2248739,2248739,PROGRAMADO,1,2026-01,0.0
2248739,2248739,PROGRAMADO,10,2026-10,0.0
2248739,2248739,PROGRAMADO,11,2026-11,0.0
2248739,2248739,PROGRAMADO,2,2026-02,0.0
2248739,2248739,PROGRAMADO,5,2026-05,0.0
2574298,2574298,PROGRAMADO,7,2026-07,292497.12
2574298,2574298,PROGRAMADO,3,2026-03,974990.4
2574298,2574298,PROGRAMADO,4,2026-04,324996.8
2574298,2574298,PROGRAMADO,10,2026-10,292497.12
2574298,2574298,PROGRAMADO,2,2026-02,0.0
2574298,2574298,PROGRAMADO,8,2026-08,324996.8
2574298,2574298,PROGRAMADO,12,2026-12,0.0
2574298,2574298,PROGRAMADO,9,2026-09,324996.8
2574298,2574298,PROGRAMADO,5,2026-05,324996.8
2574298,2574298,PROGRAMADO,11,2026-11,0.0
2574298,2574298,PROGRAMADO,1,2026-01,0.0
2574298,2574298,PROGRAMADO,6,2026-06,389996.16
2652079,2652079,PROGRAMADO,4,2026-04,0.0
2652079,2652079,PROGRAMADO,6,2026-06,904879.0
2652079,2652079,PROGRAMADO,11,2026-11,457317.0
2652079,2652079,PROGRAMADO,2,2026-02,0.0
2652079,2652079,PROGRAMADO,8,2026-08,804438.0
2652079,2652079,PROGRAMADO,5,2026-05,822617.0
2652079,2652079,PROGRAMADO,7,2026-07,995367.0
2652079,2652079,PROGRAMADO,1,2026-01,0.0
2652079,2652079,PROGRAMADO,10,2026-10,324833.0
2652079,2652079,PROGRAMADO,9,2026-09,204394.0
2652079,2652079,PROGRAMADO,3,2026-03,0.0
2652079,2652079,PROGRAMADO,12,2026-12,421854.0
2709403,2709403,PROGRAMADO,2,2026-02,0.0
2709403,2709403,PROGRAMADO,7,2026-07,0.0
2709403,2709403,PROGRAMADO,4,2026-04,0.0
2709403,2709403,PROGRAMADO,8,2026-08,0.0
2709403,2709403,PROGRAMADO,9,2026-09,0.0
2709403,2709403,PROGRAMADO,11,2026-11,0.0
2709403,2709403,PROGRAMADO,12,2026-12,0.0
2709403,2709403,PROGRAMADO,1,2026-01,0.0
2709403,2709403,PROGRAMADO,3,2026-03,0.0
2709403,2709403,PROGRAMADO,5,2026-05,0.0
2709403,2709403,PROGRAMADO,6,2026-06,0.0
2709403,2709403,PROGRAMADO,10,2026-10,0.0
2485439,2485439,PROGRAMADO,12,2026-12,0.0
2485439,2485439,PROGRAMADO,6,2026-06,0.0
2485439,2485439,PROGRAMADO,3,2026-03,0.0
2485439,2485439,PROGRAMADO,8,2026-08,0.0
2485439,2485439,PROGRAMADO,7,2026-07,0.0
2485439,2485439,PROGRAMADO,10,2026-10,0.0
2485439,2485439,PROGRAMADO,11,2026-11,0.0
2485439,2485439,PROGRAMADO,1,2026-01,0.0
2485439,2485439,PROGRAMADO,5,2026-05,0.0
2485439,2485439,PROGRAMADO,2,2026-02,0.0
2485439,2485439,PROGRAMADO,4,2026-04,0.0
2485439,2485439,PROGRAMADO,9,2026-09,0.0
2701145,2701145,PROGRAMADO,7,2026-07,0.0
2701145,2701145,PROGRAMADO,4,2026-04,0.0
2701145,2701145,PROGRAMADO,6,2026-06,0.0
2701145,2701145,PROGRAMADO,11,2026-11,0.0
2701145,2701145,PROGRAMADO,5,2026-05,0.0
2701145,2701145,PROGRAMADO,9,2026-09,0.0
2701145,2701145,PROGRAMADO,10,2026-10,0.0
2701145,2701145,PROGRAMADO,1,2026-01,0.0
2701145,2701145,PROGRAMADO,8,2026-08,0.0
2701145,2701145,PROGRAMADO,12,2026-12,0.0
2701145,2701145,PROGRAMADO,2,2026-02,0.0
2701145,2701145,PROGRAMADO,3,2026-03,0.0
2703092,2703092,PROGRAMADO,4,2026-04,0.0
2703092,2703092,PROGRAMADO,8,2026-08,0.0
2703092,2703092,PROGRAMADO,9,2026-09,0.0
2703092,2703092,PROGRAMADO,10,2026-10,0.0
2703092,2703092,PROGRAMADO,1,2026-01,0.0
2703092,2703092,PROGRAMADO,5,2026-05,0.0
2703092,2703092,PROGRAMADO,6,2026-06,0.0
2703092,2703092,PROGRAMADO,7,2026-07,23076.27
2703092,2703092,PROGRAMADO,12,2026-12,0.0
2703092,2703092,PROGRAMADO,11,2026-11,0.0
2703092,2703092,PROGRAMADO,2,2026-02,0.0
2703092,2703092,PROGRAMADO,3,2026-03,0.0
2665682,2665682,PROGRAMADO,2,2026-02,0.0
2665682,2665682,PROGRAMADO,6,2026-06,0.0
2665682,2665682,PROGRAMADO,3,2026-03,0.0
2665682,2665682,PROGRAMADO,7,2026-07,0.0
2665682,2665682,PROGRAMADO,11,2026-11,0.0
2665682,2665682,PROGRAMADO,8,2026-08,0.0
2665682,2665682,PROGRAMADO,12,2026-12,0.0
2665682,2665682,PROGRAMADO,4,2026-04,0.0
2665682,2665682,PROGRAMADO,5,2026-05,0.0
2665682,2665682,PROGRAMADO,9,2026-09,0.0
2665682,2665682,PROGRAMADO,10,2026-10,0.0
2665682,2665682,PROGRAMADO,1,2026-01,0.0
2459491,2459491,PROGRAMADO,2,2026-02,0.0
2459491,2459491,PROGRAMADO,7,2026-07,0.0
2459491,2459491,PROGRAMADO,8,2026-08,0.0
2459491,2459491,PROGRAMADO,10,2026-10,0.0
2459491,2459491,PROGRAMADO,12,2026-12,0.0
2459491,2459491,PROGRAMADO,3,2026-03,0.0
2459491,2459491,PROGRAMADO,4,2026-04,0.0
2459491,2459491,PROGRAMADO,5,2026-05,0.0
2459491,2459491,PROGRAMADO,6,2026-06,0.0
2459491,2459491,PROGRAMADO,11,2026-11,0.0
2459491,2459491,PROGRAMADO,1,2026-01,0.0
2459491,2459491,PROGRAMADO,9,2026-09,0.0
2599360,2599360,PROGRAMADO,4,2026-04,508569.0
2599360,2599360,PROGRAMADO,2,2026-02,0.0
2599360,2599360,PROGRAMADO,6,2026-06,0.0
2599360,2599360,PROGRAMADO,5,2026-05,1180595.18
2599360,2599360,PROGRAMADO,8,2026-08,0.0
2599360,2599360,PROGRAMADO,7,2026-07,0.0
2599360,2599360,PROGRAMADO,11,2026-11,0.0
2599360,2599360,PROGRAMADO,3,2026-03,0.0
2599360,2599360,PROGRAMADO,10,2026-10,0.0
2599360,2599360,PROGRAMADO,12,2026-12,0.0
2599360,2599360,PROGRAMADO,1,2026-01,0.0
2599360,2599360,PROGRAMADO,9,2026-09,0.0
2458392,2458392,PROGRAMADO,3,2026-03,0.0
2458392,2458392,PROGRAMADO,6,2026-06,0.0
2458392,2458392,PROGRAMADO,2,2026-02,0.0
2458392,2458392,PROGRAMADO,8,2026-08,0.0
2458392,2458392,PROGRAMADO,7,2026-07,0.0
2458392,2458392,PROGRAMADO,9,2026-09,0.0
2458392,2458392,PROGRAMADO,1,2026-01,0.0
2458392,2458392,PROGRAMADO,4,2026-04,12822.92
2458392,2458392,PROGRAMADO,11,2026-11,0.0
2458392,2458392,PROGRAMADO,12,2026-12,0.0
2458392,2458392,PROGRAMADO,5,2026-05,0.0
2458392,2458392,PROGRAMADO,10,2026-10,0.0
2642511,2642511,PROGRAMADO,2,2026-02,0.0
2642511,2642511,PROGRAMADO,7,2026-07,336888.87
2642511,2642511,PROGRAMADO,9,2026-09,336888.86
2642511,2642511,PROGRAMADO,11,2026-11,0.0
2642511,2642511,PROGRAMADO,3,2026-03,0.0
2642511,2642511,PROGRAMADO,12,2026-12,0.0
2642511,2642511,PROGRAMADO,8,2026-08,336888.87
2642511,2642511,PROGRAMADO,10,2026-10,0.0
2642511,2642511,PROGRAMADO,4,2026-04,0.0
2642511,2642511,PROGRAMADO,5,2026-05,0.0
2642511,2642511,PROGRAMADO,6,2026-06,0.0
2642511,2642511,PROGRAMADO,1,2026-01,0.0
2341212,2341212,PROGRAMADO,3,2026-03,0.0
2341212,2341212,PROGRAMADO,7,2026-07,0.0
2341212,2341212,PROGRAMADO,9,2026-09,0.0
2341212,2341212,PROGRAMADO,1,2026-01,0.0
2341212,2341212,PROGRAMADO,5,2026-05,0.0
2341212,2341212,PROGRAMADO,6,2026-06,0.0
2341212,2341212,PROGRAMADO,12,2026-12,146296.91
2341212,2341212,PROGRAMADO,2,2026-02,0.0
2341212,2341212,PROGRAMADO,4,2026-04,0.0
2341212,2341212,PROGRAMADO,11,2026-11,158000.0
2341212,2341212,PROGRAMADO,8,2026-08,0.0
2341212,2341212,PROGRAMADO,10,2026-10,0.0
2112606,2112606,PROGRAMADO,4,2026-04,0.0
2112606,2112606,PROGRAMADO,8,2026-08,0.0
2112606,2112606,PROGRAMADO,3,2026-03,0.0
2112606,2112606,PROGRAMADO,5,2026-05,0.0
2112606,2112606,PROGRAMADO,6,2026-06,0.0
2112606,2112606,PROGRAMADO,9,2026-09,0.0
2112606,2112606,PROGRAMADO,2,2026-02,0.0
2112606,2112606,PROGRAMADO,7,2026-07,0.0
2112606,2112606,PROGRAMADO,1,2026-01,0.0
2112606,2112606,PROGRAMADO,10,2026-10,0.0
2112606,2112606,PROGRAMADO,11,2026-11,0.0
2112606,2112606,PROGRAMADO,12,2026-12,0.0
2090825,2090825,PROGRAMADO,3,2026-03,0.0
2090825,2090825,PROGRAMADO,6,2026-06,0.0
2090825,2090825,PROGRAMADO,11,2026-11,0.0
2090825,2090825,PROGRAMADO,1,2026-01,0.0
2090825,2090825,PROGRAMADO,2,2026-02,0.0
2090825,2090825,PROGRAMADO,10,2026-10,0.0
2090825,2090825,PROGRAMADO,4,2026-04,118542.0
2090825,2090825,PROGRAMADO,8,2026-08,0.0
2090825,2090825,PROGRAMADO,7,2026-07,0.0
2090825,2090825,PROGRAMADO,9,2026-09,0.0
2090825,2090825,PROGRAMADO,12,2026-12,0.0
2090825,2090825,PROGRAMADO,5,2026-05,0.0
2639915,2639915,PROGRAMADO,2,2026-02,0.0
2639915,2639915,PROGRAMADO,12,2026-12,0.0
2639915,2639915,PROGRAMADO,4,2026-04,0.0
2639915,2639915,PROGRAMADO,9,2026-09,0.0
2639915,2639915,PROGRAMADO,3,2026-03,0.0
2639915,2639915,PROGRAMADO,6,2026-06,0.0
2639915,2639915,PROGRAMADO,11,2026-11,0.0
2639915,2639915,PROGRAMADO,1,2026-01,0.0
2639915,2639915,PROGRAMADO,5,2026-05,0.0
2639915,2639915,PROGRAMADO,7,2026-07,0.0
2639915,2639915,PROGRAMADO,8,2026-08,0.0
2639915,2639915,PROGRAMADO,10,2026-10,0.0
2480406,2480406,PROGRAMADO,1,2026-01,0.0
2480406,2480406,PROGRAMADO,2,2026-02,0.0
2480406,2480406,PROGRAMADO,9,2026-09,0.0
2480406,2480406,PROGRAMADO,12,2026-12,0.0
2480406,2480406,PROGRAMADO,4,2026-04,0.0
2480406,2480406,PROGRAMADO,11,2026-11,0.0
2480406,2480406,PROGRAMADO,6,2026-06,0.0
2480406,2480406,PROGRAMADO,7,2026-07,0.0
2480406,2480406,PROGRAMADO,3,2026-03,0.0
2480406,2480406,PROGRAMADO,10,2026-10,0.0
2480406,2480406,PROGRAMADO,8,2026-08,0.0
2480406,2480406,PROGRAMADO,5,2026-05,0.0
2651902,2651902,PROGRAMADO,8,2026-08,0.0
2651902,2651902,PROGRAMADO,10,2026-10,0.0
2651902,2651902,PROGRAMADO,12,2026-12,772835.33
2651902,2651902,PROGRAMADO,1,2026-01,0.0
2651902,2651902,PROGRAMADO,2,2026-02,0.0
2651902,2651902,PROGRAMADO,5,2026-05,0.0
2651902,2651902,PROGRAMADO,7,2026-07,0.0
2651902,2651902,PROGRAMADO,3,2026-03,0.0
2651902,2651902,PROGRAMADO,6,2026-06,0.0
2651902,2651902,PROGRAMADO,9,2026-09,0.0
2651902,2651902,PROGRAMADO,11,2026-11,0.0
2651902,2651902,PROGRAMADO,4,2026-04,0.0
2504112,2504112,PROGRAMADO,5,2026-05,0.0
2504112,2504112,PROGRAMADO,10,2026-10,0.0
2504112,2504112,PROGRAMADO,4,2026-04,0.0
2504112,2504112,PROGRAMADO,6,2026-06,0.0
2504112,2504112,PROGRAMADO,9,2026-09,0.0
2504112,2504112,PROGRAMADO,1,2026-01,0.0
2504112,2504112,PROGRAMADO,8,2026-08,0.0
2504112,2504112,PROGRAMADO,12,2026-12,0.0
2504112,2504112,PROGRAMADO,2,2026-02,0.0
2504112,2504112,PROGRAMADO,3,2026-03,0.0
2504112,2504112,PROGRAMADO,7,2026-07,0.0
2504112,2504112,PROGRAMADO,11,2026-11,0.0
2600438,2600438,PROGRAMADO,4,2026-04,0.0
2600438,2600438,PROGRAMADO,6,2026-06,0.0
2600438,2600438,PROGRAMADO,9,2026-09,0.0
2600438,2600438,PROGRAMADO,1,2026-01,0.0
2600438,2600438,PROGRAMADO,11,2026-11,500000.0
2600438,2600438,PROGRAMADO,10,2026-10,593831.07
2600438,2600438,PROGRAMADO,3,2026-03,0.0
2600438,2600438,PROGRAMADO,5,2026-05,0.0
2600438,2600438,PROGRAMADO,2,2026-02,0.0
2600438,2600438,PROGRAMADO,7,2026-07,0.0
2600438,2600438,PROGRAMADO,8,2026-08,0.0
2600438,2600438,PROGRAMADO,12,2026-12,0.0
2713215,2713215,PROGRAMADO,3,2026-03,0.0
2713215,2713215,PROGRAMADO,6,2026-06,0.0
2713215,2713215,PROGRAMADO,4,2026-04,0.0
2713215,2713215,PROGRAMADO,10,2026-10,0.0
2713215,2713215,PROGRAMADO,2,2026-02,0.0
2713215,2713215,PROGRAMADO,12,2026-12,0.0
2713215,2713215,PROGRAMADO,7,2026-07,0.0
2713215,2713215,PROGRAMADO,11,2026-11,0.0
2713215,2713215,PROGRAMADO,1,2026-01,0.0
2713215,2713215,PROGRAMADO,5,2026-05,0.0
2713215,2713215,PROGRAMADO,8,2026-08,0.0
2713215,2713215,PROGRAMADO,9,2026-09,0.0
2697167,2697167,PROGRAMADO,9,2026-09,12000.0
2697167,2697167,PROGRAMADO,6,2026-06,0.0
2697167,2697167,PROGRAMADO,8,2026-08,0.0
2697167,2697167,PROGRAMADO,1,2026-01,0.0
2697167,2697167,PROGRAMADO,3,2026-03,0.0
2697167,2697167,PROGRAMADO,4,2026-04,0.0
2697167,2697167,PROGRAMADO,2,2026-02,0.0
2697167,2697167,PROGRAMADO,5,2026-05,0.0
2697167,2697167,PROGRAMADO,10,2026-10,0.0
2697167,2697167,PROGRAMADO,12,2026-12,0.0
2697167,2697167,PROGRAMADO,7,2026-07,0.0
2697167,2697167,PROGRAMADO,11,2026-11,0.0
2500085,2500085,PROGRAMADO,8,2026-08,0.0
2500085,2500085,PROGRAMADO,2,2026-02,0.0
2500085,2500085,PROGRAMADO,5,2026-05,0.0
2500085,2500085,PROGRAMADO,10,2026-10,4000000.0
2500085,2500085,PROGRAMADO,7,2026-07,0.0
2500085,2500085,PROGRAMADO,3,2026-03,0.0
2500085,2500085,PROGRAMADO,4,2026-04,0.0
2500085,2500085,PROGRAMADO,9,2026-09,0.0
2500085,2500085,PROGRAMADO,6,2026-06,1000000.0
2500085,2500085,PROGRAMADO,12,2026-12,0.0
2500085,2500085,PROGRAMADO,11,2026-11,933894.0
2500085,2500085,PROGRAMADO,1,2026-01,0.0
2257728,2257728,PROGRAMADO,3,2026-03,0.0
2257728,2257728,PROGRAMADO,8,2026-08,0.0
2257728,2257728,PROGRAMADO,9,2026-09,0.0
2257728,2257728,PROGRAMADO,1,2026-01,41169.0
2257728,2257728,PROGRAMADO,2,2026-02,0.0
2257728,2257728,PROGRAMADO,5,2026-05,0.0
2257728,2257728,PROGRAMADO,6,2026-06,0.0
2257728,2257728,PROGRAMADO,7,2026-07,0.0
2257728,2257728,PROGRAMADO,11,2026-11,0.0
2257728,2257728,PROGRAMADO,4,2026-04,0.0
2257728,2257728,PROGRAMADO,12,2026-12,1124.0
2257728,2257728,PROGRAMADO,10,2026-10,0.0
2537225,2537225,PROGRAMADO,4,2026-04,0.0
2537225,2537225,PROGRAMADO,6,2026-06,0.0
2537225,2537225,PROGRAMADO,10,2026-10,0.0
2537225,2537225,PROGRAMADO,11,2026-11,0.0
2537225,2537225,PROGRAMADO,7,2026-07,0.0
2537225,2537225,PROGRAMADO,1,2026-01,0.0
2537225,2537225,PROGRAMADO,8,2026-08,0.0
2537225,2537225,PROGRAMADO,2,2026-02,0.0
2537225,2537225,PROGRAMADO,5,2026-05,0.0
2537225,2537225,PROGRAMADO,3,2026-03,21270.0
2537225,2537225,PROGRAMADO,9,2026-09,0.0
2537225,2537225,PROGRAMADO,12,2026-12,0.0
2618266,2618266,PROGRAMADO,2,2026-02,0.0
2618266,2618266,PROGRAMADO,9,2026-09,0.0
2618266,2618266,PROGRAMADO,3,2026-03,21257.92
2618266,2618266,PROGRAMADO,8,2026-08,0.0
2618266,2618266,PROGRAMADO,5,2026-05,150000.0
2618266,2618266,PROGRAMADO,6,2026-06,12000.0
2618266,2618266,PROGRAMADO,7,2026-07,0.0
2618266,2618266,PROGRAMADO,4,2026-04,50222.0
2618266,2618266,PROGRAMADO,11,2026-11,0.0
2618266,2618266,PROGRAMADO,12,2026-12,0.0
2618266,2618266,PROGRAMADO,1,2026-01,0.0
2618266,2618266,PROGRAMADO,10,2026-10,0.0
2668224,2668224,PROGRAMADO,2,2026-02,0.0
2668224,2668224,PROGRAMADO,11,2026-11,0.0
2668224,2668224,PROGRAMADO,1,2026-01,0.0
2668224,2668224,PROGRAMADO,7,2026-07,0.0
2668224,2668224,PROGRAMADO,9,2026-09,0.0
2668224,2668224,PROGRAMADO,10,2026-10,0.0
2668224,2668224,PROGRAMADO,5,2026-05,0.0
2668224,2668224,PROGRAMADO,6,2026-06,0.0
2668224,2668224,PROGRAMADO,4,2026-04,0.0
2668224,2668224,PROGRAMADO,8,2026-08,0.0
2668224,2668224,PROGRAMADO,3,2026-03,0.0
2668224,2668224,PROGRAMADO,12,2026-12,0.0
2304530,2304530,PROGRAMADO,10,2026-10,0.0
2304530,2304530,PROGRAMADO,3,2026-03,0.0
2304530,2304530,PROGRAMADO,11,2026-11,0.0
2304530,2304530,PROGRAMADO,2,2026-02,0.0
2304530,2304530,PROGRAMADO,5,2026-05,0.0
2304530,2304530,PROGRAMADO,7,2026-07,0.0
2304530,2304530,PROGRAMADO,8,2026-08,0.0
2304530,2304530,PROGRAMADO,12,2026-12,0.0
2304530,2304530,PROGRAMADO,1,2026-01,0.0
2304530,2304530,PROGRAMADO,4,2026-04,0.0
2304530,2304530,PROGRAMADO,6,2026-06,0.0
2304530,2304530,PROGRAMADO,9,2026-09,0.0
2467050,2467050,PROGRAMADO,5,2026-05,0.0
2467050,2467050,PROGRAMADO,10,2026-10,0.0
2467050,2467050,PROGRAMADO,7,2026-07,0.0
2467050,2467050,PROGRAMADO,8,2026-08,0.0
2467050,2467050,PROGRAMADO,3,2026-03,0.0
2467050,2467050,PROGRAMADO,11,2026-11,0.0
2467050,2467050,PROGRAMADO,12,2026-12,0.0
2467050,2467050,PROGRAMADO,2,2026-02,0.0
2467050,2467050,PROGRAMADO,6,2026-06,0.0
2467050,2467050,PROGRAMADO,9,2026-09,0.0
2467050,2467050,PROGRAMADO,1,2026-01,0.0
2467050,2467050,PROGRAMADO,4,2026-04,0.0
2623733,2623733,PROGRAMADO,2,2026-02,0.0
2623733,2623733,PROGRAMADO,5,2026-05,0.0
2623733,2623733,PROGRAMADO,10,2026-10,0.0
2623733,2623733,PROGRAMADO,9,2026-09,0.0
2623733,2623733,PROGRAMADO,1,2026-01,0.0
2623733,2623733,PROGRAMADO,7,2026-07,0.0
2623733,2623733,PROGRAMADO,11,2026-11,0.0
2623733,2623733,PROGRAMADO,3,2026-03,0.0
2623733,2623733,PROGRAMADO,4,2026-04,0.0
2623733,2623733,PROGRAMADO,6,2026-06,0.0
2623733,2623733,PROGRAMADO,8,2026-08,0.0
2623733,2623733,PROGRAMADO,12,2026-12,0.0
2619096,2619096,PROGRAMADO,2,2026-02,0.0
2619096,2619096,PROGRAMADO,8,2026-08,0.0
2619096,2619096,PROGRAMADO,11,2026-11,0.0
2619096,2619096,PROGRAMADO,1,2026-01,0.0
2619096,2619096,PROGRAMADO,9,2026-09,0.0
2619096,2619096,PROGRAMADO,7,2026-07,0.0
2619096,2619096,PROGRAMADO,4,2026-04,0.0
2619096,2619096,PROGRAMADO,5,2026-05,0.0
2619096,2619096,PROGRAMADO,12,2026-12,0.0
2619096,2619096,PROGRAMADO,3,2026-03,0.0
2619096,2619096,PROGRAMADO,6,2026-06,0.0
2619096,2619096,PROGRAMADO,10,2026-10,0.0
2325712,2325712,PROGRAMADO,5,2026-05,0.0
2325712,2325712,PROGRAMADO,11,2026-11,0.0
2325712,2325712,PROGRAMADO,3,2026-03,0.0
2325712,2325712,PROGRAMADO,10,2026-10,0.0
2325712,2325712,PROGRAMADO,2,2026-02,0.0
2325712,2325712,PROGRAMADO,7,2026-07,0.0
2325712,2325712,PROGRAMADO,12,2026-12,0.0
2325712,2325712,PROGRAMADO,6,2026-06,0.0
2325712,2325712,PROGRAMADO,1,2026-01,0.0
2325712,2325712,PROGRAMADO,8,2026-08,0.0
2325712,2325712,PROGRAMADO,4,2026-04,0.0
2325712,2325712,PROGRAMADO,9,2026-09,0.0
2526974,2526974,PROGRAMADO,3,2026-03,50000.0
2526974,2526974,PROGRAMADO,7,2026-07,20000.0
2526974,2526974,PROGRAMADO,6,2026-06,6000.0
2526974,2526974,PROGRAMADO,4,2026-04,90000.0
2526974,2526974,PROGRAMADO,8,2026-08,0.0
2526974,2526974,PROGRAMADO,2,2026-02,0.0
2526974,2526974,PROGRAMADO,12,2026-12,0.0
2526974,2526974,PROGRAMADO,1,2026-01,0.0
2526974,2526974,PROGRAMADO,9,2026-09,0.0
2526974,2526974,PROGRAMADO,5,2026-05,14000.0
2526974,2526974,PROGRAMADO,10,2026-10,0.0
2526974,2526974,PROGRAMADO,11,2026-11,0.0
2233757,2233757,PROGRAMADO,10,2026-10,0.0
2233757,2233757,PROGRAMADO,7,2026-07,0.0
2233757,2233757,PROGRAMADO,11,2026-11,0.0
2233757,2233757,PROGRAMADO,3,2026-03,0.0
2233757,2233757,PROGRAMADO,4,2026-04,0.0
2233757,2233757,PROGRAMADO,1,2026-01,0.0
2233757,2233757,PROGRAMADO,5,2026-05,0.0
2233757,2233757,PROGRAMADO,6,2026-06,0.0
2233757,2233757,PROGRAMADO,9,2026-09,0.0
2233757,2233757,PROGRAMADO,2,2026-02,0.0
2233757,2233757,PROGRAMADO,8,2026-08,0.0
2233757,2233757,PROGRAMADO,12,2026-12,0.0
2482670,2482670,PROGRAMADO,12,2026-12,0.0
2482670,2482670,PROGRAMADO,1,2026-01,0.0
2482670,2482670,PROGRAMADO,3,2026-03,0.0
2482670,2482670,PROGRAMADO,5,2026-05,0.0
2482670,2482670,PROGRAMADO,9,2026-09,0.0
2482670,2482670,PROGRAMADO,2,2026-02,0.0
2482670,2482670,PROGRAMADO,8,2026-08,0.0
2482670,2482670,PROGRAMADO,11,2026-11,0.0
2482670,2482670,PROGRAMADO,6,2026-06,0.0
2482670,2482670,PROGRAMADO,7,2026-07,0.0
2482670,2482670,PROGRAMADO,10,2026-10,0.0
2482670,2482670,PROGRAMADO,4,2026-04,419125.56
2706887,2706887,PROGRAMADO,8,2026-08,0.0
2706887,2706887,PROGRAMADO,7,2026-07,65000.0
2706887,2706887,PROGRAMADO,1,2026-01,0.0
2706887,2706887,PROGRAMADO,6,2026-06,0.0
2706887,2706887,PROGRAMADO,11,2026-11,450027.33
2706887,2706887,PROGRAMADO,5,2026-05,0.0
2706887,2706887,PROGRAMADO,10,2026-10,450027.3
2706887,2706887,PROGRAMADO,12,2026-12,0.0
2706887,2706887,PROGRAMADO,2,2026-02,0.0
2706887,2706887,PROGRAMADO,3,2026-03,0.0
2706887,2706887,PROGRAMADO,4,2026-04,0.0
2706887,2706887,PROGRAMADO,9,2026-09,450027.3
